[2025-10-23T04:13:29.784+0000] {processor.py:186} INFO - Started process (PID=170) to work on /opt/airflow/dags/etl_retail.py
[2025-10-23T04:13:29.785+0000] {processor.py:914} INFO - Processing file /opt/airflow/dags/etl_retail.py for tasks to queue
[2025-10-23T04:13:29.787+0000] {logging_mixin.py:190} INFO - [2025-10-23T04:13:29.787+0000] {dagbag.py:588} INFO - Filling up the DagBag from /opt/airflow/dags/etl_retail.py
[2025-10-23T04:13:29.800+0000] {logging_mixin.py:190} INFO - [2025-10-23T04:13:29.798+0000] {dagbag.py:387} ERROR - Failed to import: /opt/airflow/dags/etl_retail.py
Traceback (most recent call last):
  File "/home/airflow/.local/lib/python3.12/site-packages/airflow/models/dagbag.py", line 383, in parse
    loader.exec_module(new_module)
  File "<frozen importlib._bootstrap_external>", line 995, in exec_module
  File "<frozen importlib._bootstrap_external>", line 1133, in get_code
  File "<frozen importlib._bootstrap_external>", line 1063, in source_to_code
  File "<frozen importlib._bootstrap>", line 488, in _call_with_frames_removed
  File "/opt/airflow/dags/etl_retail.py", line 32
    
    ^
IndentationError: expected an indented block after function definition on line 31
[2025-10-23T04:13:29.801+0000] {processor.py:927} WARNING - No viable dags retrieved from /opt/airflow/dags/etl_retail.py
[2025-10-23T04:13:29.816+0000] {processor.py:208} INFO - Processing /opt/airflow/dags/etl_retail.py took 0.037 seconds
[2025-10-23T04:13:41.564+0000] {processor.py:186} INFO - Started process (PID=175) to work on /opt/airflow/dags/etl_retail.py
[2025-10-23T04:13:41.565+0000] {processor.py:914} INFO - Processing file /opt/airflow/dags/etl_retail.py for tasks to queue
[2025-10-23T04:13:41.567+0000] {logging_mixin.py:190} INFO - [2025-10-23T04:13:41.567+0000] {dagbag.py:588} INFO - Filling up the DagBag from /opt/airflow/dags/etl_retail.py
[2025-10-23T04:13:41.580+0000] {logging_mixin.py:190} INFO - [2025-10-23T04:13:41.579+0000] {dagbag.py:387} ERROR - Failed to import: /opt/airflow/dags/etl_retail.py
Traceback (most recent call last):
  File "/home/airflow/.local/lib/python3.12/site-packages/airflow/models/dagbag.py", line 383, in parse
    loader.exec_module(new_module)
  File "<frozen importlib._bootstrap_external>", line 995, in exec_module
  File "<frozen importlib._bootstrap_external>", line 1133, in get_code
  File "<frozen importlib._bootstrap_external>", line 1063, in source_to_code
  File "<frozen importlib._bootstrap>", line 488, in _call_with_frames_removed
  File "/opt/airflow/dags/etl_retail.py", line 32
    
    ^
IndentationError: expected an indented block after function definition on line 31
[2025-10-23T04:13:41.581+0000] {processor.py:927} WARNING - No viable dags retrieved from /opt/airflow/dags/etl_retail.py
[2025-10-23T04:13:41.603+0000] {processor.py:208} INFO - Processing /opt/airflow/dags/etl_retail.py took 0.045 seconds
[2025-10-23T04:13:51.657+0000] {processor.py:186} INFO - Started process (PID=180) to work on /opt/airflow/dags/etl_retail.py
[2025-10-23T04:13:51.659+0000] {processor.py:914} INFO - Processing file /opt/airflow/dags/etl_retail.py for tasks to queue
[2025-10-23T04:13:51.661+0000] {logging_mixin.py:190} INFO - [2025-10-23T04:13:51.661+0000] {dagbag.py:588} INFO - Filling up the DagBag from /opt/airflow/dags/etl_retail.py
[2025-10-23T04:13:51.674+0000] {logging_mixin.py:190} INFO - [2025-10-23T04:13:51.673+0000] {dagbag.py:387} ERROR - Failed to import: /opt/airflow/dags/etl_retail.py
Traceback (most recent call last):
  File "/home/airflow/.local/lib/python3.12/site-packages/airflow/models/dagbag.py", line 383, in parse
    loader.exec_module(new_module)
  File "<frozen importlib._bootstrap_external>", line 995, in exec_module
  File "<frozen importlib._bootstrap_external>", line 1133, in get_code
  File "<frozen importlib._bootstrap_external>", line 1063, in source_to_code
  File "<frozen importlib._bootstrap>", line 488, in _call_with_frames_removed
  File "/opt/airflow/dags/etl_retail.py", line 32
    
    ^
IndentationError: expected an indented block after function definition on line 31
[2025-10-23T04:13:51.675+0000] {processor.py:927} WARNING - No viable dags retrieved from /opt/airflow/dags/etl_retail.py
[2025-10-23T04:13:51.698+0000] {processor.py:208} INFO - Processing /opt/airflow/dags/etl_retail.py took 0.048 seconds
[2025-10-23T04:14:01.761+0000] {processor.py:186} INFO - Started process (PID=185) to work on /opt/airflow/dags/etl_retail.py
[2025-10-23T04:14:01.762+0000] {processor.py:914} INFO - Processing file /opt/airflow/dags/etl_retail.py for tasks to queue
[2025-10-23T04:14:01.765+0000] {logging_mixin.py:190} INFO - [2025-10-23T04:14:01.764+0000] {dagbag.py:588} INFO - Filling up the DagBag from /opt/airflow/dags/etl_retail.py
[2025-10-23T04:14:01.777+0000] {logging_mixin.py:190} INFO - [2025-10-23T04:14:01.776+0000] {dagbag.py:387} ERROR - Failed to import: /opt/airflow/dags/etl_retail.py
Traceback (most recent call last):
  File "/home/airflow/.local/lib/python3.12/site-packages/airflow/models/dagbag.py", line 383, in parse
    loader.exec_module(new_module)
  File "<frozen importlib._bootstrap_external>", line 995, in exec_module
  File "<frozen importlib._bootstrap_external>", line 1133, in get_code
  File "<frozen importlib._bootstrap_external>", line 1063, in source_to_code
  File "<frozen importlib._bootstrap>", line 488, in _call_with_frames_removed
  File "/opt/airflow/dags/etl_retail.py", line 32
    
    ^
IndentationError: expected an indented block after function definition on line 31
[2025-10-23T04:14:01.777+0000] {processor.py:927} WARNING - No viable dags retrieved from /opt/airflow/dags/etl_retail.py
[2025-10-23T04:14:01.794+0000] {processor.py:208} INFO - Processing /opt/airflow/dags/etl_retail.py took 0.040 seconds
[2025-10-23T04:14:13.559+0000] {processor.py:186} INFO - Started process (PID=190) to work on /opt/airflow/dags/etl_retail.py
[2025-10-23T04:14:13.561+0000] {processor.py:914} INFO - Processing file /opt/airflow/dags/etl_retail.py for tasks to queue
[2025-10-23T04:14:13.565+0000] {logging_mixin.py:190} INFO - [2025-10-23T04:14:13.564+0000] {dagbag.py:588} INFO - Filling up the DagBag from /opt/airflow/dags/etl_retail.py
[2025-10-23T04:14:13.584+0000] {logging_mixin.py:190} INFO - [2025-10-23T04:14:13.583+0000] {dagbag.py:387} ERROR - Failed to import: /opt/airflow/dags/etl_retail.py
Traceback (most recent call last):
  File "/home/airflow/.local/lib/python3.12/site-packages/airflow/models/dagbag.py", line 383, in parse
    loader.exec_module(new_module)
  File "<frozen importlib._bootstrap_external>", line 995, in exec_module
  File "<frozen importlib._bootstrap_external>", line 1133, in get_code
  File "<frozen importlib._bootstrap_external>", line 1063, in source_to_code
  File "<frozen importlib._bootstrap>", line 488, in _call_with_frames_removed
  File "/opt/airflow/dags/etl_retail.py", line 32
    
    ^
IndentationError: expected an indented block after function definition on line 31
[2025-10-23T04:14:13.585+0000] {processor.py:927} WARNING - No viable dags retrieved from /opt/airflow/dags/etl_retail.py
[2025-10-23T04:14:13.606+0000] {processor.py:208} INFO - Processing /opt/airflow/dags/etl_retail.py took 0.055 seconds
[2025-10-23T04:14:23.660+0000] {processor.py:186} INFO - Started process (PID=195) to work on /opt/airflow/dags/etl_retail.py
[2025-10-23T04:14:23.662+0000] {processor.py:914} INFO - Processing file /opt/airflow/dags/etl_retail.py for tasks to queue
[2025-10-23T04:14:23.666+0000] {logging_mixin.py:190} INFO - [2025-10-23T04:14:23.666+0000] {dagbag.py:588} INFO - Filling up the DagBag from /opt/airflow/dags/etl_retail.py
[2025-10-23T04:14:23.683+0000] {logging_mixin.py:190} INFO - [2025-10-23T04:14:23.682+0000] {dagbag.py:387} ERROR - Failed to import: /opt/airflow/dags/etl_retail.py
Traceback (most recent call last):
  File "/home/airflow/.local/lib/python3.12/site-packages/airflow/models/dagbag.py", line 383, in parse
    loader.exec_module(new_module)
  File "<frozen importlib._bootstrap_external>", line 995, in exec_module
  File "<frozen importlib._bootstrap_external>", line 1133, in get_code
  File "<frozen importlib._bootstrap_external>", line 1063, in source_to_code
  File "<frozen importlib._bootstrap>", line 488, in _call_with_frames_removed
  File "/opt/airflow/dags/etl_retail.py", line 32
    
    ^
IndentationError: expected an indented block after function definition on line 31
[2025-10-23T04:14:23.684+0000] {processor.py:927} WARNING - No viable dags retrieved from /opt/airflow/dags/etl_retail.py
[2025-10-23T04:14:23.718+0000] {processor.py:208} INFO - Processing /opt/airflow/dags/etl_retail.py took 0.064 seconds
[2025-10-23T04:14:33.824+0000] {processor.py:186} INFO - Started process (PID=200) to work on /opt/airflow/dags/etl_retail.py
[2025-10-23T04:14:33.825+0000] {processor.py:914} INFO - Processing file /opt/airflow/dags/etl_retail.py for tasks to queue
[2025-10-23T04:14:33.828+0000] {logging_mixin.py:190} INFO - [2025-10-23T04:14:33.828+0000] {dagbag.py:588} INFO - Filling up the DagBag from /opt/airflow/dags/etl_retail.py
[2025-10-23T04:14:33.841+0000] {logging_mixin.py:190} INFO - [2025-10-23T04:14:33.840+0000] {dagbag.py:387} ERROR - Failed to import: /opt/airflow/dags/etl_retail.py
Traceback (most recent call last):
  File "/home/airflow/.local/lib/python3.12/site-packages/airflow/models/dagbag.py", line 383, in parse
    loader.exec_module(new_module)
  File "<frozen importlib._bootstrap_external>", line 995, in exec_module
  File "<frozen importlib._bootstrap_external>", line 1133, in get_code
  File "<frozen importlib._bootstrap_external>", line 1063, in source_to_code
  File "<frozen importlib._bootstrap>", line 488, in _call_with_frames_removed
  File "/opt/airflow/dags/etl_retail.py", line 32
    
    ^
IndentationError: expected an indented block after function definition on line 31
[2025-10-23T04:14:33.842+0000] {processor.py:927} WARNING - No viable dags retrieved from /opt/airflow/dags/etl_retail.py
[2025-10-23T04:14:33.860+0000] {processor.py:208} INFO - Processing /opt/airflow/dags/etl_retail.py took 0.045 seconds
[2025-10-23T04:14:46.536+0000] {processor.py:186} INFO - Started process (PID=205) to work on /opt/airflow/dags/etl_retail.py
[2025-10-23T04:14:46.537+0000] {processor.py:914} INFO - Processing file /opt/airflow/dags/etl_retail.py for tasks to queue
[2025-10-23T04:14:46.540+0000] {logging_mixin.py:190} INFO - [2025-10-23T04:14:46.540+0000] {dagbag.py:588} INFO - Filling up the DagBag from /opt/airflow/dags/etl_retail.py
[2025-10-23T04:14:46.551+0000] {logging_mixin.py:190} INFO - [2025-10-23T04:14:46.550+0000] {dagbag.py:387} ERROR - Failed to import: /opt/airflow/dags/etl_retail.py
Traceback (most recent call last):
  File "/home/airflow/.local/lib/python3.12/site-packages/airflow/models/dagbag.py", line 383, in parse
    loader.exec_module(new_module)
  File "<frozen importlib._bootstrap_external>", line 995, in exec_module
  File "<frozen importlib._bootstrap_external>", line 1133, in get_code
  File "<frozen importlib._bootstrap_external>", line 1063, in source_to_code
  File "<frozen importlib._bootstrap>", line 488, in _call_with_frames_removed
  File "/opt/airflow/dags/etl_retail.py", line 32
    
    ^
IndentationError: expected an indented block after function definition on line 31
[2025-10-23T04:14:46.551+0000] {processor.py:927} WARNING - No viable dags retrieved from /opt/airflow/dags/etl_retail.py
[2025-10-23T04:14:46.578+0000] {processor.py:208} INFO - Processing /opt/airflow/dags/etl_retail.py took 0.050 seconds
[2025-10-23T04:14:56.656+0000] {processor.py:186} INFO - Started process (PID=210) to work on /opt/airflow/dags/etl_retail.py
[2025-10-23T04:14:56.657+0000] {processor.py:914} INFO - Processing file /opt/airflow/dags/etl_retail.py for tasks to queue
[2025-10-23T04:14:56.660+0000] {logging_mixin.py:190} INFO - [2025-10-23T04:14:56.660+0000] {dagbag.py:588} INFO - Filling up the DagBag from /opt/airflow/dags/etl_retail.py
[2025-10-23T04:14:56.673+0000] {logging_mixin.py:190} INFO - [2025-10-23T04:14:56.672+0000] {dagbag.py:387} ERROR - Failed to import: /opt/airflow/dags/etl_retail.py
Traceback (most recent call last):
  File "/home/airflow/.local/lib/python3.12/site-packages/airflow/models/dagbag.py", line 383, in parse
    loader.exec_module(new_module)
  File "<frozen importlib._bootstrap_external>", line 995, in exec_module
  File "<frozen importlib._bootstrap_external>", line 1133, in get_code
  File "<frozen importlib._bootstrap_external>", line 1063, in source_to_code
  File "<frozen importlib._bootstrap>", line 488, in _call_with_frames_removed
  File "/opt/airflow/dags/etl_retail.py", line 32
    
    ^
IndentationError: expected an indented block after function definition on line 31
[2025-10-23T04:14:56.674+0000] {processor.py:927} WARNING - No viable dags retrieved from /opt/airflow/dags/etl_retail.py
[2025-10-23T04:14:56.700+0000] {processor.py:208} INFO - Processing /opt/airflow/dags/etl_retail.py took 0.050 seconds
[2025-10-23T04:15:06.781+0000] {processor.py:186} INFO - Started process (PID=215) to work on /opt/airflow/dags/etl_retail.py
[2025-10-23T04:15:06.782+0000] {processor.py:914} INFO - Processing file /opt/airflow/dags/etl_retail.py for tasks to queue
[2025-10-23T04:15:06.785+0000] {logging_mixin.py:190} INFO - [2025-10-23T04:15:06.784+0000] {dagbag.py:588} INFO - Filling up the DagBag from /opt/airflow/dags/etl_retail.py
[2025-10-23T04:15:06.798+0000] {logging_mixin.py:190} INFO - [2025-10-23T04:15:06.797+0000] {dagbag.py:387} ERROR - Failed to import: /opt/airflow/dags/etl_retail.py
Traceback (most recent call last):
  File "/home/airflow/.local/lib/python3.12/site-packages/airflow/models/dagbag.py", line 383, in parse
    loader.exec_module(new_module)
  File "<frozen importlib._bootstrap_external>", line 995, in exec_module
  File "<frozen importlib._bootstrap_external>", line 1133, in get_code
  File "<frozen importlib._bootstrap_external>", line 1063, in source_to_code
  File "<frozen importlib._bootstrap>", line 488, in _call_with_frames_removed
  File "/opt/airflow/dags/etl_retail.py", line 32
    
    ^
IndentationError: expected an indented block after function definition on line 31
[2025-10-23T04:15:06.799+0000] {processor.py:927} WARNING - No viable dags retrieved from /opt/airflow/dags/etl_retail.py
[2025-10-23T04:15:06.826+0000] {processor.py:208} INFO - Processing /opt/airflow/dags/etl_retail.py took 0.050 seconds
[2025-10-23T04:15:17.063+0000] {processor.py:186} INFO - Started process (PID=220) to work on /opt/airflow/dags/etl_retail.py
[2025-10-23T04:15:17.064+0000] {processor.py:914} INFO - Processing file /opt/airflow/dags/etl_retail.py for tasks to queue
[2025-10-23T04:15:17.066+0000] {logging_mixin.py:190} INFO - [2025-10-23T04:15:17.066+0000] {dagbag.py:588} INFO - Filling up the DagBag from /opt/airflow/dags/etl_retail.py
[2025-10-23T04:15:17.079+0000] {logging_mixin.py:190} INFO - [2025-10-23T04:15:17.078+0000] {dagbag.py:387} ERROR - Failed to import: /opt/airflow/dags/etl_retail.py
Traceback (most recent call last):
  File "/home/airflow/.local/lib/python3.12/site-packages/airflow/models/dagbag.py", line 383, in parse
    loader.exec_module(new_module)
  File "<frozen importlib._bootstrap_external>", line 995, in exec_module
  File "<frozen importlib._bootstrap_external>", line 1133, in get_code
  File "<frozen importlib._bootstrap_external>", line 1063, in source_to_code
  File "<frozen importlib._bootstrap>", line 488, in _call_with_frames_removed
  File "/opt/airflow/dags/etl_retail.py", line 32
    
    ^
IndentationError: expected an indented block after function definition on line 31
[2025-10-23T04:15:17.079+0000] {processor.py:927} WARNING - No viable dags retrieved from /opt/airflow/dags/etl_retail.py
[2025-10-23T04:15:17.111+0000] {processor.py:208} INFO - Processing /opt/airflow/dags/etl_retail.py took 0.053 seconds
[2025-10-23T04:15:27.682+0000] {processor.py:186} INFO - Started process (PID=225) to work on /opt/airflow/dags/etl_retail.py
[2025-10-23T04:15:27.683+0000] {processor.py:914} INFO - Processing file /opt/airflow/dags/etl_retail.py for tasks to queue
[2025-10-23T04:15:27.685+0000] {logging_mixin.py:190} INFO - [2025-10-23T04:15:27.684+0000] {dagbag.py:588} INFO - Filling up the DagBag from /opt/airflow/dags/etl_retail.py
[2025-10-23T04:15:27.696+0000] {logging_mixin.py:190} INFO - [2025-10-23T04:15:27.695+0000] {dagbag.py:387} ERROR - Failed to import: /opt/airflow/dags/etl_retail.py
Traceback (most recent call last):
  File "/home/airflow/.local/lib/python3.12/site-packages/airflow/models/dagbag.py", line 383, in parse
    loader.exec_module(new_module)
  File "<frozen importlib._bootstrap_external>", line 995, in exec_module
  File "<frozen importlib._bootstrap_external>", line 1133, in get_code
  File "<frozen importlib._bootstrap_external>", line 1063, in source_to_code
  File "<frozen importlib._bootstrap>", line 488, in _call_with_frames_removed
  File "/opt/airflow/dags/etl_retail.py", line 32
    
    ^
IndentationError: expected an indented block after function definition on line 31
[2025-10-23T04:15:27.697+0000] {processor.py:927} WARNING - No viable dags retrieved from /opt/airflow/dags/etl_retail.py
[2025-10-23T04:15:27.716+0000] {processor.py:208} INFO - Processing /opt/airflow/dags/etl_retail.py took 0.040 seconds
[2025-10-23T04:15:29.732+0000] {processor.py:186} INFO - Started process (PID=230) to work on /opt/airflow/dags/etl_retail.py
[2025-10-23T04:15:29.733+0000] {processor.py:914} INFO - Processing file /opt/airflow/dags/etl_retail.py for tasks to queue
[2025-10-23T04:15:29.736+0000] {logging_mixin.py:190} INFO - [2025-10-23T04:15:29.735+0000] {dagbag.py:588} INFO - Filling up the DagBag from /opt/airflow/dags/etl_retail.py
[2025-10-23T04:15:29.749+0000] {logging_mixin.py:190} INFO - [2025-10-23T04:15:29.748+0000] {dagbag.py:387} ERROR - Failed to import: /opt/airflow/dags/etl_retail.py
Traceback (most recent call last):
  File "/home/airflow/.local/lib/python3.12/site-packages/airflow/models/dagbag.py", line 383, in parse
    loader.exec_module(new_module)
  File "<frozen importlib._bootstrap_external>", line 995, in exec_module
  File "<frozen importlib._bootstrap_external>", line 1133, in get_code
  File "<frozen importlib._bootstrap_external>", line 1063, in source_to_code
  File "<frozen importlib._bootstrap>", line 488, in _call_with_frames_removed
  File "/opt/airflow/dags/etl_retail.py", line 31
    def transform(df):
                      ^
IndentationError: expected an indented block after function definition on line 31
[2025-10-23T04:15:29.750+0000] {processor.py:927} WARNING - No viable dags retrieved from /opt/airflow/dags/etl_retail.py
[2025-10-23T04:15:29.769+0000] {processor.py:208} INFO - Processing /opt/airflow/dags/etl_retail.py took 0.044 seconds
[2025-10-23T04:15:31.785+0000] {processor.py:186} INFO - Started process (PID=235) to work on /opt/airflow/dags/etl_retail.py
[2025-10-23T04:15:31.786+0000] {processor.py:914} INFO - Processing file /opt/airflow/dags/etl_retail.py for tasks to queue
[2025-10-23T04:15:31.788+0000] {logging_mixin.py:190} INFO - [2025-10-23T04:15:31.788+0000] {dagbag.py:588} INFO - Filling up the DagBag from /opt/airflow/dags/etl_retail.py
[2025-10-23T04:15:31.801+0000] {logging_mixin.py:190} INFO - [2025-10-23T04:15:31.800+0000] {dagbag.py:387} ERROR - Failed to import: /opt/airflow/dags/etl_retail.py
Traceback (most recent call last):
  File "/home/airflow/.local/lib/python3.12/site-packages/airflow/models/dagbag.py", line 383, in parse
    loader.exec_module(new_module)
  File "<frozen importlib._bootstrap_external>", line 995, in exec_module
  File "<frozen importlib._bootstrap_external>", line 1133, in get_code
  File "<frozen importlib._bootstrap_external>", line 1063, in source_to_code
  File "<frozen importlib._bootstrap>", line 488, in _call_with_frames_removed
  File "/opt/airflow/dags/etl_retail.py", line 32
    
    ^
IndentationError: expected an indented block after function definition on line 31
[2025-10-23T04:15:31.802+0000] {processor.py:927} WARNING - No viable dags retrieved from /opt/airflow/dags/etl_retail.py
[2025-10-23T04:15:31.824+0000] {processor.py:208} INFO - Processing /opt/airflow/dags/etl_retail.py took 0.044 seconds
[2025-10-23T04:15:41.869+0000] {processor.py:186} INFO - Started process (PID=240) to work on /opt/airflow/dags/etl_retail.py
[2025-10-23T04:15:41.870+0000] {processor.py:914} INFO - Processing file /opt/airflow/dags/etl_retail.py for tasks to queue
[2025-10-23T04:15:41.872+0000] {logging_mixin.py:190} INFO - [2025-10-23T04:15:41.872+0000] {dagbag.py:588} INFO - Filling up the DagBag from /opt/airflow/dags/etl_retail.py
[2025-10-23T04:15:41.883+0000] {logging_mixin.py:190} INFO - [2025-10-23T04:15:41.882+0000] {dagbag.py:387} ERROR - Failed to import: /opt/airflow/dags/etl_retail.py
Traceback (most recent call last):
  File "/home/airflow/.local/lib/python3.12/site-packages/airflow/models/dagbag.py", line 383, in parse
    loader.exec_module(new_module)
  File "<frozen importlib._bootstrap_external>", line 995, in exec_module
  File "<frozen importlib._bootstrap_external>", line 1133, in get_code
  File "<frozen importlib._bootstrap_external>", line 1063, in source_to_code
  File "<frozen importlib._bootstrap>", line 488, in _call_with_frames_removed
  File "/opt/airflow/dags/etl_retail.py", line 32
    
    ^
IndentationError: expected an indented block after function definition on line 31
[2025-10-23T04:15:41.884+0000] {processor.py:927} WARNING - No viable dags retrieved from /opt/airflow/dags/etl_retail.py
[2025-10-23T04:15:41.900+0000] {processor.py:208} INFO - Processing /opt/airflow/dags/etl_retail.py took 0.036 seconds
[2025-10-23T04:15:52.660+0000] {processor.py:186} INFO - Started process (PID=245) to work on /opt/airflow/dags/etl_retail.py
[2025-10-23T04:15:52.662+0000] {processor.py:914} INFO - Processing file /opt/airflow/dags/etl_retail.py for tasks to queue
[2025-10-23T04:15:52.664+0000] {logging_mixin.py:190} INFO - [2025-10-23T04:15:52.664+0000] {dagbag.py:588} INFO - Filling up the DagBag from /opt/airflow/dags/etl_retail.py
[2025-10-23T04:15:52.679+0000] {logging_mixin.py:190} INFO - [2025-10-23T04:15:52.678+0000] {dagbag.py:387} ERROR - Failed to import: /opt/airflow/dags/etl_retail.py
Traceback (most recent call last):
  File "/home/airflow/.local/lib/python3.12/site-packages/airflow/models/dagbag.py", line 383, in parse
    loader.exec_module(new_module)
  File "<frozen importlib._bootstrap_external>", line 995, in exec_module
  File "<frozen importlib._bootstrap_external>", line 1133, in get_code
  File "<frozen importlib._bootstrap_external>", line 1063, in source_to_code
  File "<frozen importlib._bootstrap>", line 488, in _call_with_frames_removed
  File "/opt/airflow/dags/etl_retail.py", line 32
    
    ^
IndentationError: expected an indented block after function definition on line 31
[2025-10-23T04:15:52.680+0000] {processor.py:927} WARNING - No viable dags retrieved from /opt/airflow/dags/etl_retail.py
[2025-10-23T04:15:52.700+0000] {processor.py:208} INFO - Processing /opt/airflow/dags/etl_retail.py took 0.047 seconds
[2025-10-23T04:15:55.794+0000] {processor.py:186} INFO - Started process (PID=250) to work on /opt/airflow/dags/etl_retail.py
[2025-10-23T04:15:55.796+0000] {processor.py:914} INFO - Processing file /opt/airflow/dags/etl_retail.py for tasks to queue
[2025-10-23T04:15:55.804+0000] {logging_mixin.py:190} INFO - [2025-10-23T04:15:55.803+0000] {dagbag.py:588} INFO - Filling up the DagBag from /opt/airflow/dags/etl_retail.py
[2025-10-23T04:15:56.481+0000] {logging_mixin.py:190} INFO - [2025-10-23T04:15:56.473+0000] {dagbag.py:387} ERROR - Failed to import: /opt/airflow/dags/etl_retail.py
Traceback (most recent call last):
  File "/home/airflow/.local/lib/python3.12/site-packages/airflow/models/dagbag.py", line 383, in parse
    loader.exec_module(new_module)
  File "<frozen importlib._bootstrap_external>", line 999, in exec_module
  File "<frozen importlib._bootstrap>", line 488, in _call_with_frames_removed
  File "/opt/airflow/dags/etl_retail.py", line 19, in <module>
    with DAG(
         ^^^^
  File "/home/airflow/.local/lib/python3.12/site-packages/airflow/models/dag.py", line 617, in __init__
    if start_date and start_date.tzinfo:
                      ^^^^^^^^^^^^^^^^^
AttributeError: 'str' object has no attribute 'tzinfo'
[2025-10-23T04:15:56.484+0000] {processor.py:927} WARNING - No viable dags retrieved from /opt/airflow/dags/etl_retail.py
[2025-10-23T04:15:56.501+0000] {processor.py:208} INFO - Processing /opt/airflow/dags/etl_retail.py took 0.716 seconds
[2025-10-23T04:16:05.618+0000] {processor.py:186} INFO - Started process (PID=256) to work on /opt/airflow/dags/etl_retail.py
[2025-10-23T04:16:05.619+0000] {processor.py:914} INFO - Processing file /opt/airflow/dags/etl_retail.py for tasks to queue
[2025-10-23T04:16:05.622+0000] {logging_mixin.py:190} INFO - [2025-10-23T04:16:05.622+0000] {dagbag.py:588} INFO - Filling up the DagBag from /opt/airflow/dags/etl_retail.py
[2025-10-23T04:16:05.640+0000] {logging_mixin.py:190} INFO - [2025-10-23T04:16:05.638+0000] {dagbag.py:387} ERROR - Failed to import: /opt/airflow/dags/etl_retail.py
Traceback (most recent call last):
  File "/home/airflow/.local/lib/python3.12/site-packages/airflow/models/dagbag.py", line 383, in parse
    loader.exec_module(new_module)
  File "<frozen importlib._bootstrap_external>", line 995, in exec_module
  File "<frozen importlib._bootstrap_external>", line 1133, in get_code
  File "<frozen importlib._bootstrap_external>", line 1063, in source_to_code
  File "<frozen importlib._bootstrap>", line 488, in _call_with_frames_removed
  File "/opt/airflow/dags/etl_retail.py", line 36
    @task 
          ^
IndentationError: unexpected unindent
[2025-10-23T04:16:05.640+0000] {processor.py:927} WARNING - No viable dags retrieved from /opt/airflow/dags/etl_retail.py
[2025-10-23T04:16:05.668+0000] {processor.py:208} INFO - Processing /opt/airflow/dags/etl_retail.py took 0.058 seconds
[2025-10-23T04:16:07.640+0000] {processor.py:186} INFO - Started process (PID=261) to work on /opt/airflow/dags/etl_retail.py
[2025-10-23T04:16:07.641+0000] {processor.py:914} INFO - Processing file /opt/airflow/dags/etl_retail.py for tasks to queue
[2025-10-23T04:16:07.644+0000] {logging_mixin.py:190} INFO - [2025-10-23T04:16:07.644+0000] {dagbag.py:588} INFO - Filling up the DagBag from /opt/airflow/dags/etl_retail.py
[2025-10-23T04:16:07.658+0000] {logging_mixin.py:190} INFO - [2025-10-23T04:16:07.657+0000] {dagbag.py:387} ERROR - Failed to import: /opt/airflow/dags/etl_retail.py
Traceback (most recent call last):
  File "/home/airflow/.local/lib/python3.12/site-packages/airflow/models/dagbag.py", line 383, in parse
    loader.exec_module(new_module)
  File "<frozen importlib._bootstrap_external>", line 995, in exec_module
  File "<frozen importlib._bootstrap_external>", line 1133, in get_code
  File "<frozen importlib._bootstrap_external>", line 1063, in source_to_code
  File "<frozen importlib._bootstrap>", line 488, in _call_with_frames_removed
  File "/opt/airflow/dags/etl_retail.py", line 36
    @task load()
          ^^^^
SyntaxError: invalid syntax
[2025-10-23T04:16:07.658+0000] {processor.py:927} WARNING - No viable dags retrieved from /opt/airflow/dags/etl_retail.py
[2025-10-23T04:16:07.683+0000] {processor.py:208} INFO - Processing /opt/airflow/dags/etl_retail.py took 0.049 seconds
[2025-10-23T04:16:09.668+0000] {processor.py:186} INFO - Started process (PID=266) to work on /opt/airflow/dags/etl_retail.py
[2025-10-23T04:16:09.669+0000] {processor.py:914} INFO - Processing file /opt/airflow/dags/etl_retail.py for tasks to queue
[2025-10-23T04:16:09.671+0000] {logging_mixin.py:190} INFO - [2025-10-23T04:16:09.671+0000] {dagbag.py:588} INFO - Filling up the DagBag from /opt/airflow/dags/etl_retail.py
[2025-10-23T04:16:09.685+0000] {logging_mixin.py:190} INFO - [2025-10-23T04:16:09.684+0000] {dagbag.py:387} ERROR - Failed to import: /opt/airflow/dags/etl_retail.py
Traceback (most recent call last):
  File "/home/airflow/.local/lib/python3.12/site-packages/airflow/models/dagbag.py", line 383, in parse
    loader.exec_module(new_module)
  File "<frozen importlib._bootstrap_external>", line 995, in exec_module
  File "<frozen importlib._bootstrap_external>", line 1133, in get_code
  File "<frozen importlib._bootstrap_external>", line 1063, in source_to_code
  File "<frozen importlib._bootstrap>", line 488, in _call_with_frames_removed
  File "/opt/airflow/dags/etl_retail.py", line 36
    @task load():
          ^^^^
SyntaxError: invalid syntax
[2025-10-23T04:16:09.686+0000] {processor.py:927} WARNING - No viable dags retrieved from /opt/airflow/dags/etl_retail.py
[2025-10-23T04:16:09.709+0000] {processor.py:208} INFO - Processing /opt/airflow/dags/etl_retail.py took 0.047 seconds
[2025-10-23T04:16:13.764+0000] {processor.py:186} INFO - Started process (PID=271) to work on /opt/airflow/dags/etl_retail.py
[2025-10-23T04:16:13.765+0000] {processor.py:914} INFO - Processing file /opt/airflow/dags/etl_retail.py for tasks to queue
[2025-10-23T04:16:13.768+0000] {logging_mixin.py:190} INFO - [2025-10-23T04:16:13.768+0000] {dagbag.py:588} INFO - Filling up the DagBag from /opt/airflow/dags/etl_retail.py
[2025-10-23T04:16:13.783+0000] {logging_mixin.py:190} INFO - [2025-10-23T04:16:13.782+0000] {dagbag.py:387} ERROR - Failed to import: /opt/airflow/dags/etl_retail.py
Traceback (most recent call last):
  File "/home/airflow/.local/lib/python3.12/site-packages/airflow/models/dagbag.py", line 383, in parse
    loader.exec_module(new_module)
  File "<frozen importlib._bootstrap_external>", line 995, in exec_module
  File "<frozen importlib._bootstrap_external>", line 1133, in get_code
  File "<frozen importlib._bootstrap_external>", line 1063, in source_to_code
  File "<frozen importlib._bootstrap>", line 488, in _call_with_frames_removed
  File "/opt/airflow/dags/etl_retail.py", line 37
    def load():
               ^
IndentationError: expected an indented block after function definition on line 37
[2025-10-23T04:16:13.784+0000] {processor.py:927} WARNING - No viable dags retrieved from /opt/airflow/dags/etl_retail.py
[2025-10-23T04:16:13.803+0000] {processor.py:208} INFO - Processing /opt/airflow/dags/etl_retail.py took 0.044 seconds
[2025-10-23T04:16:24.129+0000] {processor.py:186} INFO - Started process (PID=276) to work on /opt/airflow/dags/etl_retail.py
[2025-10-23T04:16:24.131+0000] {processor.py:914} INFO - Processing file /opt/airflow/dags/etl_retail.py for tasks to queue
[2025-10-23T04:16:24.132+0000] {logging_mixin.py:190} INFO - [2025-10-23T04:16:24.132+0000] {dagbag.py:588} INFO - Filling up the DagBag from /opt/airflow/dags/etl_retail.py
[2025-10-23T04:16:24.147+0000] {logging_mixin.py:190} INFO - [2025-10-23T04:16:24.145+0000] {dagbag.py:387} ERROR - Failed to import: /opt/airflow/dags/etl_retail.py
Traceback (most recent call last):
  File "/home/airflow/.local/lib/python3.12/site-packages/airflow/models/dagbag.py", line 383, in parse
    loader.exec_module(new_module)
  File "<frozen importlib._bootstrap_external>", line 995, in exec_module
  File "<frozen importlib._bootstrap_external>", line 1133, in get_code
  File "<frozen importlib._bootstrap_external>", line 1063, in source_to_code
  File "<frozen importlib._bootstrap>", line 488, in _call_with_frames_removed
  File "/opt/airflow/dags/etl_retail.py", line 37
    def load():
               ^
IndentationError: expected an indented block after function definition on line 37
[2025-10-23T04:16:24.147+0000] {processor.py:927} WARNING - No viable dags retrieved from /opt/airflow/dags/etl_retail.py
[2025-10-23T04:16:24.167+0000] {processor.py:208} INFO - Processing /opt/airflow/dags/etl_retail.py took 0.044 seconds
[2025-10-23T04:16:34.247+0000] {processor.py:186} INFO - Started process (PID=281) to work on /opt/airflow/dags/etl_retail.py
[2025-10-23T04:16:34.248+0000] {processor.py:914} INFO - Processing file /opt/airflow/dags/etl_retail.py for tasks to queue
[2025-10-23T04:16:34.250+0000] {logging_mixin.py:190} INFO - [2025-10-23T04:16:34.250+0000] {dagbag.py:588} INFO - Filling up the DagBag from /opt/airflow/dags/etl_retail.py
[2025-10-23T04:16:34.263+0000] {logging_mixin.py:190} INFO - [2025-10-23T04:16:34.262+0000] {dagbag.py:387} ERROR - Failed to import: /opt/airflow/dags/etl_retail.py
Traceback (most recent call last):
  File "/home/airflow/.local/lib/python3.12/site-packages/airflow/models/dagbag.py", line 383, in parse
    loader.exec_module(new_module)
  File "<frozen importlib._bootstrap_external>", line 995, in exec_module
  File "<frozen importlib._bootstrap_external>", line 1133, in get_code
  File "<frozen importlib._bootstrap_external>", line 1063, in source_to_code
  File "<frozen importlib._bootstrap>", line 488, in _call_with_frames_removed
  File "/opt/airflow/dags/etl_retail.py", line 37
    def load():
               ^
IndentationError: expected an indented block after function definition on line 37
[2025-10-23T04:16:34.263+0000] {processor.py:927} WARNING - No viable dags retrieved from /opt/airflow/dags/etl_retail.py
[2025-10-23T04:16:34.281+0000] {processor.py:208} INFO - Processing /opt/airflow/dags/etl_retail.py took 0.040 seconds
[2025-10-23T04:16:44.342+0000] {processor.py:186} INFO - Started process (PID=286) to work on /opt/airflow/dags/etl_retail.py
[2025-10-23T04:16:44.344+0000] {processor.py:914} INFO - Processing file /opt/airflow/dags/etl_retail.py for tasks to queue
[2025-10-23T04:16:44.346+0000] {logging_mixin.py:190} INFO - [2025-10-23T04:16:44.346+0000] {dagbag.py:588} INFO - Filling up the DagBag from /opt/airflow/dags/etl_retail.py
[2025-10-23T04:16:44.361+0000] {logging_mixin.py:190} INFO - [2025-10-23T04:16:44.360+0000] {dagbag.py:387} ERROR - Failed to import: /opt/airflow/dags/etl_retail.py
Traceback (most recent call last):
  File "/home/airflow/.local/lib/python3.12/site-packages/airflow/models/dagbag.py", line 383, in parse
    loader.exec_module(new_module)
  File "<frozen importlib._bootstrap_external>", line 995, in exec_module
  File "<frozen importlib._bootstrap_external>", line 1133, in get_code
  File "<frozen importlib._bootstrap_external>", line 1063, in source_to_code
  File "<frozen importlib._bootstrap>", line 488, in _call_with_frames_removed
  File "/opt/airflow/dags/etl_retail.py", line 37
    def load(tables):
                     ^
IndentationError: expected an indented block after function definition on line 37
[2025-10-23T04:16:44.362+0000] {processor.py:927} WARNING - No viable dags retrieved from /opt/airflow/dags/etl_retail.py
[2025-10-23T04:16:44.379+0000] {processor.py:208} INFO - Processing /opt/airflow/dags/etl_retail.py took 0.043 seconds
[2025-10-23T04:16:46.400+0000] {processor.py:186} INFO - Started process (PID=291) to work on /opt/airflow/dags/etl_retail.py
[2025-10-23T04:16:46.401+0000] {processor.py:914} INFO - Processing file /opt/airflow/dags/etl_retail.py for tasks to queue
[2025-10-23T04:16:46.404+0000] {logging_mixin.py:190} INFO - [2025-10-23T04:16:46.404+0000] {dagbag.py:588} INFO - Filling up the DagBag from /opt/airflow/dags/etl_retail.py
[2025-10-23T04:16:46.911+0000] {logging_mixin.py:190} INFO - [2025-10-23T04:16:46.905+0000] {dagbag.py:387} ERROR - Failed to import: /opt/airflow/dags/etl_retail.py
Traceback (most recent call last):
  File "/home/airflow/.local/lib/python3.12/site-packages/airflow/models/dagbag.py", line 383, in parse
    loader.exec_module(new_module)
  File "<frozen importlib._bootstrap_external>", line 999, in exec_module
  File "<frozen importlib._bootstrap>", line 488, in _call_with_frames_removed
  File "/opt/airflow/dags/etl_retail.py", line 19, in <module>
    with DAG(
         ^^^^
  File "/home/airflow/.local/lib/python3.12/site-packages/airflow/models/dag.py", line 617, in __init__
    if start_date and start_date.tzinfo:
                      ^^^^^^^^^^^^^^^^^
AttributeError: 'str' object has no attribute 'tzinfo'
[2025-10-23T04:16:46.913+0000] {processor.py:927} WARNING - No viable dags retrieved from /opt/airflow/dags/etl_retail.py
[2025-10-23T04:16:46.929+0000] {processor.py:208} INFO - Processing /opt/airflow/dags/etl_retail.py took 0.536 seconds
[2025-10-23T04:16:50.481+0000] {processor.py:186} INFO - Started process (PID=297) to work on /opt/airflow/dags/etl_retail.py
[2025-10-23T04:16:50.482+0000] {processor.py:914} INFO - Processing file /opt/airflow/dags/etl_retail.py for tasks to queue
[2025-10-23T04:16:50.485+0000] {logging_mixin.py:190} INFO - [2025-10-23T04:16:50.485+0000] {dagbag.py:588} INFO - Filling up the DagBag from /opt/airflow/dags/etl_retail.py
[2025-10-23T04:16:51.094+0000] {logging_mixin.py:190} INFO - [2025-10-23T04:16:51.089+0000] {dagbag.py:387} ERROR - Failed to import: /opt/airflow/dags/etl_retail.py
Traceback (most recent call last):
  File "/home/airflow/.local/lib/python3.12/site-packages/airflow/models/dagbag.py", line 383, in parse
    loader.exec_module(new_module)
  File "<frozen importlib._bootstrap_external>", line 999, in exec_module
  File "<frozen importlib._bootstrap>", line 488, in _call_with_frames_removed
  File "/opt/airflow/dags/etl_retail.py", line 19, in <module>
    with DAG(
         ^^^^
  File "/home/airflow/.local/lib/python3.12/site-packages/airflow/models/dag.py", line 617, in __init__
    if start_date and start_date.tzinfo:
                      ^^^^^^^^^^^^^^^^^
AttributeError: 'str' object has no attribute 'tzinfo'
[2025-10-23T04:16:51.096+0000] {processor.py:927} WARNING - No viable dags retrieved from /opt/airflow/dags/etl_retail.py
[2025-10-23T04:16:51.110+0000] {processor.py:208} INFO - Processing /opt/airflow/dags/etl_retail.py took 0.636 seconds
[2025-10-23T04:17:01.515+0000] {processor.py:186} INFO - Started process (PID=303) to work on /opt/airflow/dags/etl_retail.py
[2025-10-23T04:17:01.516+0000] {processor.py:914} INFO - Processing file /opt/airflow/dags/etl_retail.py for tasks to queue
[2025-10-23T04:17:01.520+0000] {logging_mixin.py:190} INFO - [2025-10-23T04:17:01.519+0000] {dagbag.py:588} INFO - Filling up the DagBag from /opt/airflow/dags/etl_retail.py
[2025-10-23T04:17:01.985+0000] {logging_mixin.py:190} INFO - [2025-10-23T04:17:01.981+0000] {dagbag.py:387} ERROR - Failed to import: /opt/airflow/dags/etl_retail.py
Traceback (most recent call last):
  File "/home/airflow/.local/lib/python3.12/site-packages/airflow/models/dagbag.py", line 383, in parse
    loader.exec_module(new_module)
  File "<frozen importlib._bootstrap_external>", line 999, in exec_module
  File "<frozen importlib._bootstrap>", line 488, in _call_with_frames_removed
  File "/opt/airflow/dags/etl_retail.py", line 19, in <module>
    with DAG(
         ^^^^
  File "/home/airflow/.local/lib/python3.12/site-packages/airflow/models/dag.py", line 617, in __init__
    if start_date and start_date.tzinfo:
                      ^^^^^^^^^^^^^^^^^
AttributeError: 'str' object has no attribute 'tzinfo'
[2025-10-23T04:17:01.987+0000] {processor.py:927} WARNING - No viable dags retrieved from /opt/airflow/dags/etl_retail.py
[2025-10-23T04:17:01.999+0000] {processor.py:208} INFO - Processing /opt/airflow/dags/etl_retail.py took 0.491 seconds
[2025-10-23T04:17:12.094+0000] {processor.py:186} INFO - Started process (PID=309) to work on /opt/airflow/dags/etl_retail.py
[2025-10-23T04:17:12.095+0000] {processor.py:914} INFO - Processing file /opt/airflow/dags/etl_retail.py for tasks to queue
[2025-10-23T04:17:12.098+0000] {logging_mixin.py:190} INFO - [2025-10-23T04:17:12.097+0000] {dagbag.py:588} INFO - Filling up the DagBag from /opt/airflow/dags/etl_retail.py
[2025-10-23T04:17:12.554+0000] {logging_mixin.py:190} INFO - [2025-10-23T04:17:12.550+0000] {dagbag.py:387} ERROR - Failed to import: /opt/airflow/dags/etl_retail.py
Traceback (most recent call last):
  File "/home/airflow/.local/lib/python3.12/site-packages/airflow/models/dagbag.py", line 383, in parse
    loader.exec_module(new_module)
  File "<frozen importlib._bootstrap_external>", line 999, in exec_module
  File "<frozen importlib._bootstrap>", line 488, in _call_with_frames_removed
  File "/opt/airflow/dags/etl_retail.py", line 19, in <module>
    with DAG(
         ^^^^
  File "/home/airflow/.local/lib/python3.12/site-packages/airflow/models/dag.py", line 617, in __init__
    if start_date and start_date.tzinfo:
                      ^^^^^^^^^^^^^^^^^
AttributeError: 'str' object has no attribute 'tzinfo'
[2025-10-23T04:17:12.555+0000] {processor.py:927} WARNING - No viable dags retrieved from /opt/airflow/dags/etl_retail.py
[2025-10-23T04:17:12.576+0000] {processor.py:208} INFO - Processing /opt/airflow/dags/etl_retail.py took 0.488 seconds
[2025-10-23T04:17:22.671+0000] {processor.py:186} INFO - Started process (PID=315) to work on /opt/airflow/dags/etl_retail.py
[2025-10-23T04:17:22.672+0000] {processor.py:914} INFO - Processing file /opt/airflow/dags/etl_retail.py for tasks to queue
[2025-10-23T04:17:22.674+0000] {logging_mixin.py:190} INFO - [2025-10-23T04:17:22.673+0000] {dagbag.py:588} INFO - Filling up the DagBag from /opt/airflow/dags/etl_retail.py
[2025-10-23T04:17:23.084+0000] {logging_mixin.py:190} INFO - [2025-10-23T04:17:23.080+0000] {dagbag.py:387} ERROR - Failed to import: /opt/airflow/dags/etl_retail.py
Traceback (most recent call last):
  File "/home/airflow/.local/lib/python3.12/site-packages/airflow/models/dagbag.py", line 383, in parse
    loader.exec_module(new_module)
  File "<frozen importlib._bootstrap_external>", line 999, in exec_module
  File "<frozen importlib._bootstrap>", line 488, in _call_with_frames_removed
  File "/opt/airflow/dags/etl_retail.py", line 19, in <module>
    with DAG(
         ^^^^
  File "/home/airflow/.local/lib/python3.12/site-packages/airflow/models/dag.py", line 617, in __init__
    if start_date and start_date.tzinfo:
                      ^^^^^^^^^^^^^^^^^
AttributeError: 'str' object has no attribute 'tzinfo'
[2025-10-23T04:17:23.087+0000] {processor.py:927} WARNING - No viable dags retrieved from /opt/airflow/dags/etl_retail.py
[2025-10-23T04:17:23.100+0000] {processor.py:208} INFO - Processing /opt/airflow/dags/etl_retail.py took 0.435 seconds
[2025-10-23T04:17:33.183+0000] {processor.py:186} INFO - Started process (PID=321) to work on /opt/airflow/dags/etl_retail.py
[2025-10-23T04:17:33.185+0000] {processor.py:914} INFO - Processing file /opt/airflow/dags/etl_retail.py for tasks to queue
[2025-10-23T04:17:33.188+0000] {logging_mixin.py:190} INFO - [2025-10-23T04:17:33.188+0000] {dagbag.py:588} INFO - Filling up the DagBag from /opt/airflow/dags/etl_retail.py
[2025-10-23T04:17:33.690+0000] {logging_mixin.py:190} INFO - [2025-10-23T04:17:33.686+0000] {dagbag.py:387} ERROR - Failed to import: /opt/airflow/dags/etl_retail.py
Traceback (most recent call last):
  File "/home/airflow/.local/lib/python3.12/site-packages/airflow/models/dagbag.py", line 383, in parse
    loader.exec_module(new_module)
  File "<frozen importlib._bootstrap_external>", line 999, in exec_module
  File "<frozen importlib._bootstrap>", line 488, in _call_with_frames_removed
  File "/opt/airflow/dags/etl_retail.py", line 19, in <module>
    with DAG(
         ^^^^
  File "/home/airflow/.local/lib/python3.12/site-packages/airflow/models/dag.py", line 617, in __init__
    if start_date and start_date.tzinfo:
                      ^^^^^^^^^^^^^^^^^
AttributeError: 'str' object has no attribute 'tzinfo'
[2025-10-23T04:17:33.692+0000] {processor.py:927} WARNING - No viable dags retrieved from /opt/airflow/dags/etl_retail.py
[2025-10-23T04:17:33.704+0000] {processor.py:208} INFO - Processing /opt/airflow/dags/etl_retail.py took 0.532 seconds
[2025-10-23T04:17:43.800+0000] {processor.py:186} INFO - Started process (PID=327) to work on /opt/airflow/dags/etl_retail.py
[2025-10-23T04:17:43.801+0000] {processor.py:914} INFO - Processing file /opt/airflow/dags/etl_retail.py for tasks to queue
[2025-10-23T04:17:43.803+0000] {logging_mixin.py:190} INFO - [2025-10-23T04:17:43.803+0000] {dagbag.py:588} INFO - Filling up the DagBag from /opt/airflow/dags/etl_retail.py
[2025-10-23T04:17:44.207+0000] {logging_mixin.py:190} INFO - [2025-10-23T04:17:44.203+0000] {dagbag.py:387} ERROR - Failed to import: /opt/airflow/dags/etl_retail.py
Traceback (most recent call last):
  File "/home/airflow/.local/lib/python3.12/site-packages/airflow/models/dagbag.py", line 383, in parse
    loader.exec_module(new_module)
  File "<frozen importlib._bootstrap_external>", line 999, in exec_module
  File "<frozen importlib._bootstrap>", line 488, in _call_with_frames_removed
  File "/opt/airflow/dags/etl_retail.py", line 19, in <module>
    with DAG(
         ^^^^
  File "/home/airflow/.local/lib/python3.12/site-packages/airflow/models/dag.py", line 617, in __init__
    if start_date and start_date.tzinfo:
                      ^^^^^^^^^^^^^^^^^
AttributeError: 'str' object has no attribute 'tzinfo'
[2025-10-23T04:17:44.208+0000] {processor.py:927} WARNING - No viable dags retrieved from /opt/airflow/dags/etl_retail.py
[2025-10-23T04:17:44.229+0000] {processor.py:208} INFO - Processing /opt/airflow/dags/etl_retail.py took 0.434 seconds
[2025-10-23T04:17:54.325+0000] {processor.py:186} INFO - Started process (PID=333) to work on /opt/airflow/dags/etl_retail.py
[2025-10-23T04:17:54.326+0000] {processor.py:914} INFO - Processing file /opt/airflow/dags/etl_retail.py for tasks to queue
[2025-10-23T04:17:54.328+0000] {logging_mixin.py:190} INFO - [2025-10-23T04:17:54.328+0000] {dagbag.py:588} INFO - Filling up the DagBag from /opt/airflow/dags/etl_retail.py
[2025-10-23T04:17:54.741+0000] {logging_mixin.py:190} INFO - [2025-10-23T04:17:54.737+0000] {dagbag.py:387} ERROR - Failed to import: /opt/airflow/dags/etl_retail.py
Traceback (most recent call last):
  File "/home/airflow/.local/lib/python3.12/site-packages/airflow/models/dagbag.py", line 383, in parse
    loader.exec_module(new_module)
  File "<frozen importlib._bootstrap_external>", line 999, in exec_module
  File "<frozen importlib._bootstrap>", line 488, in _call_with_frames_removed
  File "/opt/airflow/dags/etl_retail.py", line 19, in <module>
    with DAG(
         ^^^^
  File "/home/airflow/.local/lib/python3.12/site-packages/airflow/models/dag.py", line 617, in __init__
    if start_date and start_date.tzinfo:
                      ^^^^^^^^^^^^^^^^^
AttributeError: 'str' object has no attribute 'tzinfo'
[2025-10-23T04:17:54.742+0000] {processor.py:927} WARNING - No viable dags retrieved from /opt/airflow/dags/etl_retail.py
[2025-10-23T04:17:54.766+0000] {processor.py:208} INFO - Processing /opt/airflow/dags/etl_retail.py took 0.446 seconds
[2025-10-23T04:18:04.866+0000] {processor.py:186} INFO - Started process (PID=339) to work on /opt/airflow/dags/etl_retail.py
[2025-10-23T04:18:04.867+0000] {processor.py:914} INFO - Processing file /opt/airflow/dags/etl_retail.py for tasks to queue
[2025-10-23T04:18:04.870+0000] {logging_mixin.py:190} INFO - [2025-10-23T04:18:04.870+0000] {dagbag.py:588} INFO - Filling up the DagBag from /opt/airflow/dags/etl_retail.py
[2025-10-23T04:18:05.303+0000] {logging_mixin.py:190} INFO - [2025-10-23T04:18:05.298+0000] {dagbag.py:387} ERROR - Failed to import: /opt/airflow/dags/etl_retail.py
Traceback (most recent call last):
  File "/home/airflow/.local/lib/python3.12/site-packages/airflow/models/dagbag.py", line 383, in parse
    loader.exec_module(new_module)
  File "<frozen importlib._bootstrap_external>", line 999, in exec_module
  File "<frozen importlib._bootstrap>", line 488, in _call_with_frames_removed
  File "/opt/airflow/dags/etl_retail.py", line 19, in <module>
    with DAG(
         ^^^^
  File "/home/airflow/.local/lib/python3.12/site-packages/airflow/models/dag.py", line 617, in __init__
    if start_date and start_date.tzinfo:
                      ^^^^^^^^^^^^^^^^^
AttributeError: 'str' object has no attribute 'tzinfo'
[2025-10-23T04:18:05.305+0000] {processor.py:927} WARNING - No viable dags retrieved from /opt/airflow/dags/etl_retail.py
[2025-10-23T04:18:05.326+0000] {processor.py:208} INFO - Processing /opt/airflow/dags/etl_retail.py took 0.467 seconds
[2025-10-23T04:18:15.396+0000] {processor.py:186} INFO - Started process (PID=345) to work on /opt/airflow/dags/etl_retail.py
[2025-10-23T04:18:15.398+0000] {processor.py:914} INFO - Processing file /opt/airflow/dags/etl_retail.py for tasks to queue
[2025-10-23T04:18:15.401+0000] {logging_mixin.py:190} INFO - [2025-10-23T04:18:15.401+0000] {dagbag.py:588} INFO - Filling up the DagBag from /opt/airflow/dags/etl_retail.py
[2025-10-23T04:18:15.857+0000] {logging_mixin.py:190} INFO - [2025-10-23T04:18:15.853+0000] {dagbag.py:387} ERROR - Failed to import: /opt/airflow/dags/etl_retail.py
Traceback (most recent call last):
  File "/home/airflow/.local/lib/python3.12/site-packages/airflow/models/dagbag.py", line 383, in parse
    loader.exec_module(new_module)
  File "<frozen importlib._bootstrap_external>", line 999, in exec_module
  File "<frozen importlib._bootstrap>", line 488, in _call_with_frames_removed
  File "/opt/airflow/dags/etl_retail.py", line 19, in <module>
    with DAG(
         ^^^^
  File "/home/airflow/.local/lib/python3.12/site-packages/airflow/models/dag.py", line 617, in __init__
    if start_date and start_date.tzinfo:
                      ^^^^^^^^^^^^^^^^^
AttributeError: 'str' object has no attribute 'tzinfo'
[2025-10-23T04:18:15.859+0000] {processor.py:927} WARNING - No viable dags retrieved from /opt/airflow/dags/etl_retail.py
[2025-10-23T04:18:15.873+0000] {processor.py:208} INFO - Processing /opt/airflow/dags/etl_retail.py took 0.483 seconds
[2025-10-23T04:18:25.999+0000] {processor.py:186} INFO - Started process (PID=351) to work on /opt/airflow/dags/etl_retail.py
[2025-10-23T04:18:26.000+0000] {processor.py:914} INFO - Processing file /opt/airflow/dags/etl_retail.py for tasks to queue
[2025-10-23T04:18:26.005+0000] {logging_mixin.py:190} INFO - [2025-10-23T04:18:26.004+0000] {dagbag.py:588} INFO - Filling up the DagBag from /opt/airflow/dags/etl_retail.py
[2025-10-23T04:18:26.884+0000] {logging_mixin.py:190} INFO - [2025-10-23T04:18:26.873+0000] {dagbag.py:387} ERROR - Failed to import: /opt/airflow/dags/etl_retail.py
Traceback (most recent call last):
  File "/home/airflow/.local/lib/python3.12/site-packages/airflow/models/dagbag.py", line 383, in parse
    loader.exec_module(new_module)
  File "<frozen importlib._bootstrap_external>", line 999, in exec_module
  File "<frozen importlib._bootstrap>", line 488, in _call_with_frames_removed
  File "/opt/airflow/dags/etl_retail.py", line 19, in <module>
    with DAG(
         ^^^^
  File "/home/airflow/.local/lib/python3.12/site-packages/airflow/models/dag.py", line 617, in __init__
    if start_date and start_date.tzinfo:
                      ^^^^^^^^^^^^^^^^^
AttributeError: 'str' object has no attribute 'tzinfo'
[2025-10-23T04:18:26.888+0000] {processor.py:927} WARNING - No viable dags retrieved from /opt/airflow/dags/etl_retail.py
[2025-10-23T04:18:26.914+0000] {processor.py:208} INFO - Processing /opt/airflow/dags/etl_retail.py took 0.924 seconds
[2025-10-23T04:18:37.037+0000] {processor.py:186} INFO - Started process (PID=357) to work on /opt/airflow/dags/etl_retail.py
[2025-10-23T04:18:37.039+0000] {processor.py:914} INFO - Processing file /opt/airflow/dags/etl_retail.py for tasks to queue
[2025-10-23T04:18:37.043+0000] {logging_mixin.py:190} INFO - [2025-10-23T04:18:37.043+0000] {dagbag.py:588} INFO - Filling up the DagBag from /opt/airflow/dags/etl_retail.py
[2025-10-23T04:18:37.918+0000] {logging_mixin.py:190} INFO - [2025-10-23T04:18:37.913+0000] {dagbag.py:387} ERROR - Failed to import: /opt/airflow/dags/etl_retail.py
Traceback (most recent call last):
  File "/home/airflow/.local/lib/python3.12/site-packages/airflow/models/dagbag.py", line 383, in parse
    loader.exec_module(new_module)
  File "<frozen importlib._bootstrap_external>", line 999, in exec_module
  File "<frozen importlib._bootstrap>", line 488, in _call_with_frames_removed
  File "/opt/airflow/dags/etl_retail.py", line 19, in <module>
    with DAG(
         ^^^^
  File "/home/airflow/.local/lib/python3.12/site-packages/airflow/models/dag.py", line 617, in __init__
    if start_date and start_date.tzinfo:
                      ^^^^^^^^^^^^^^^^^
AttributeError: 'str' object has no attribute 'tzinfo'
[2025-10-23T04:18:37.920+0000] {processor.py:927} WARNING - No viable dags retrieved from /opt/airflow/dags/etl_retail.py
[2025-10-23T04:18:37.939+0000] {processor.py:208} INFO - Processing /opt/airflow/dags/etl_retail.py took 0.912 seconds
[2025-10-23T04:18:48.059+0000] {processor.py:186} INFO - Started process (PID=363) to work on /opt/airflow/dags/etl_retail.py
[2025-10-23T04:18:48.060+0000] {processor.py:914} INFO - Processing file /opt/airflow/dags/etl_retail.py for tasks to queue
[2025-10-23T04:18:48.063+0000] {logging_mixin.py:190} INFO - [2025-10-23T04:18:48.063+0000] {dagbag.py:588} INFO - Filling up the DagBag from /opt/airflow/dags/etl_retail.py
[2025-10-23T04:18:48.785+0000] {logging_mixin.py:190} INFO - [2025-10-23T04:18:48.780+0000] {dagbag.py:387} ERROR - Failed to import: /opt/airflow/dags/etl_retail.py
Traceback (most recent call last):
  File "/home/airflow/.local/lib/python3.12/site-packages/airflow/models/dagbag.py", line 383, in parse
    loader.exec_module(new_module)
  File "<frozen importlib._bootstrap_external>", line 999, in exec_module
  File "<frozen importlib._bootstrap>", line 488, in _call_with_frames_removed
  File "/opt/airflow/dags/etl_retail.py", line 19, in <module>
    with DAG(
         ^^^^
  File "/home/airflow/.local/lib/python3.12/site-packages/airflow/models/dag.py", line 617, in __init__
    if start_date and start_date.tzinfo:
                      ^^^^^^^^^^^^^^^^^
AttributeError: 'str' object has no attribute 'tzinfo'
[2025-10-23T04:18:48.787+0000] {processor.py:927} WARNING - No viable dags retrieved from /opt/airflow/dags/etl_retail.py
[2025-10-23T04:18:48.809+0000] {processor.py:208} INFO - Processing /opt/airflow/dags/etl_retail.py took 0.758 seconds
[2025-10-23T04:18:58.933+0000] {processor.py:186} INFO - Started process (PID=369) to work on /opt/airflow/dags/etl_retail.py
[2025-10-23T04:18:58.935+0000] {processor.py:914} INFO - Processing file /opt/airflow/dags/etl_retail.py for tasks to queue
[2025-10-23T04:18:58.938+0000] {logging_mixin.py:190} INFO - [2025-10-23T04:18:58.938+0000] {dagbag.py:588} INFO - Filling up the DagBag from /opt/airflow/dags/etl_retail.py
[2025-10-23T04:18:59.430+0000] {logging_mixin.py:190} INFO - [2025-10-23T04:18:59.425+0000] {dagbag.py:387} ERROR - Failed to import: /opt/airflow/dags/etl_retail.py
Traceback (most recent call last):
  File "/home/airflow/.local/lib/python3.12/site-packages/airflow/models/dagbag.py", line 383, in parse
    loader.exec_module(new_module)
  File "<frozen importlib._bootstrap_external>", line 999, in exec_module
  File "<frozen importlib._bootstrap>", line 488, in _call_with_frames_removed
  File "/opt/airflow/dags/etl_retail.py", line 19, in <module>
    with DAG(
         ^^^^
  File "/home/airflow/.local/lib/python3.12/site-packages/airflow/models/dag.py", line 617, in __init__
    if start_date and start_date.tzinfo:
                      ^^^^^^^^^^^^^^^^^
AttributeError: 'str' object has no attribute 'tzinfo'
[2025-10-23T04:18:59.432+0000] {processor.py:927} WARNING - No viable dags retrieved from /opt/airflow/dags/etl_retail.py
[2025-10-23T04:18:59.461+0000] {processor.py:208} INFO - Processing /opt/airflow/dags/etl_retail.py took 0.534 seconds
[2025-10-23T04:19:10.016+0000] {processor.py:186} INFO - Started process (PID=375) to work on /opt/airflow/dags/etl_retail.py
[2025-10-23T04:19:10.017+0000] {processor.py:914} INFO - Processing file /opt/airflow/dags/etl_retail.py for tasks to queue
[2025-10-23T04:19:10.020+0000] {logging_mixin.py:190} INFO - [2025-10-23T04:19:10.020+0000] {dagbag.py:588} INFO - Filling up the DagBag from /opt/airflow/dags/etl_retail.py
[2025-10-23T04:19:10.533+0000] {logging_mixin.py:190} INFO - [2025-10-23T04:19:10.529+0000] {dagbag.py:387} ERROR - Failed to import: /opt/airflow/dags/etl_retail.py
Traceback (most recent call last):
  File "/home/airflow/.local/lib/python3.12/site-packages/airflow/models/dagbag.py", line 383, in parse
    loader.exec_module(new_module)
  File "<frozen importlib._bootstrap_external>", line 999, in exec_module
  File "<frozen importlib._bootstrap>", line 488, in _call_with_frames_removed
  File "/opt/airflow/dags/etl_retail.py", line 19, in <module>
    with DAG(
         ^^^^
  File "/home/airflow/.local/lib/python3.12/site-packages/airflow/models/dag.py", line 617, in __init__
    if start_date and start_date.tzinfo:
                      ^^^^^^^^^^^^^^^^^
AttributeError: 'str' object has no attribute 'tzinfo'
[2025-10-23T04:19:10.535+0000] {processor.py:927} WARNING - No viable dags retrieved from /opt/airflow/dags/etl_retail.py
[2025-10-23T04:19:10.548+0000] {processor.py:208} INFO - Processing /opt/airflow/dags/etl_retail.py took 0.539 seconds
[2025-10-23T04:19:20.641+0000] {processor.py:186} INFO - Started process (PID=381) to work on /opt/airflow/dags/etl_retail.py
[2025-10-23T04:19:20.643+0000] {processor.py:914} INFO - Processing file /opt/airflow/dags/etl_retail.py for tasks to queue
[2025-10-23T04:19:20.645+0000] {logging_mixin.py:190} INFO - [2025-10-23T04:19:20.644+0000] {dagbag.py:588} INFO - Filling up the DagBag from /opt/airflow/dags/etl_retail.py
[2025-10-23T04:19:21.068+0000] {logging_mixin.py:190} INFO - [2025-10-23T04:19:21.064+0000] {dagbag.py:387} ERROR - Failed to import: /opt/airflow/dags/etl_retail.py
Traceback (most recent call last):
  File "/home/airflow/.local/lib/python3.12/site-packages/airflow/models/dagbag.py", line 383, in parse
    loader.exec_module(new_module)
  File "<frozen importlib._bootstrap_external>", line 999, in exec_module
  File "<frozen importlib._bootstrap>", line 488, in _call_with_frames_removed
  File "/opt/airflow/dags/etl_retail.py", line 19, in <module>
    with DAG(
         ^^^^
  File "/home/airflow/.local/lib/python3.12/site-packages/airflow/models/dag.py", line 617, in __init__
    if start_date and start_date.tzinfo:
                      ^^^^^^^^^^^^^^^^^
AttributeError: 'str' object has no attribute 'tzinfo'
[2025-10-23T04:19:21.070+0000] {processor.py:927} WARNING - No viable dags retrieved from /opt/airflow/dags/etl_retail.py
[2025-10-23T04:19:21.083+0000] {processor.py:208} INFO - Processing /opt/airflow/dags/etl_retail.py took 0.448 seconds
[2025-10-23T04:19:31.180+0000] {processor.py:186} INFO - Started process (PID=387) to work on /opt/airflow/dags/etl_retail.py
[2025-10-23T04:19:31.181+0000] {processor.py:914} INFO - Processing file /opt/airflow/dags/etl_retail.py for tasks to queue
[2025-10-23T04:19:31.183+0000] {logging_mixin.py:190} INFO - [2025-10-23T04:19:31.183+0000] {dagbag.py:588} INFO - Filling up the DagBag from /opt/airflow/dags/etl_retail.py
[2025-10-23T04:19:31.600+0000] {logging_mixin.py:190} INFO - [2025-10-23T04:19:31.596+0000] {dagbag.py:387} ERROR - Failed to import: /opt/airflow/dags/etl_retail.py
Traceback (most recent call last):
  File "/home/airflow/.local/lib/python3.12/site-packages/airflow/models/dagbag.py", line 383, in parse
    loader.exec_module(new_module)
  File "<frozen importlib._bootstrap_external>", line 999, in exec_module
  File "<frozen importlib._bootstrap>", line 488, in _call_with_frames_removed
  File "/opt/airflow/dags/etl_retail.py", line 19, in <module>
    with DAG(
         ^^^^
  File "/home/airflow/.local/lib/python3.12/site-packages/airflow/models/dag.py", line 617, in __init__
    if start_date and start_date.tzinfo:
                      ^^^^^^^^^^^^^^^^^
AttributeError: 'str' object has no attribute 'tzinfo'
[2025-10-23T04:19:31.601+0000] {processor.py:927} WARNING - No viable dags retrieved from /opt/airflow/dags/etl_retail.py
[2025-10-23T04:19:31.615+0000] {processor.py:208} INFO - Processing /opt/airflow/dags/etl_retail.py took 0.440 seconds
[2025-10-23T04:19:41.662+0000] {processor.py:186} INFO - Started process (PID=393) to work on /opt/airflow/dags/etl_retail.py
[2025-10-23T04:19:41.663+0000] {processor.py:914} INFO - Processing file /opt/airflow/dags/etl_retail.py for tasks to queue
[2025-10-23T04:19:41.666+0000] {logging_mixin.py:190} INFO - [2025-10-23T04:19:41.665+0000] {dagbag.py:588} INFO - Filling up the DagBag from /opt/airflow/dags/etl_retail.py
[2025-10-23T04:19:42.195+0000] {logging_mixin.py:190} INFO - [2025-10-23T04:19:42.189+0000] {dagbag.py:387} ERROR - Failed to import: /opt/airflow/dags/etl_retail.py
Traceback (most recent call last):
  File "/home/airflow/.local/lib/python3.12/site-packages/airflow/models/dagbag.py", line 383, in parse
    loader.exec_module(new_module)
  File "<frozen importlib._bootstrap_external>", line 999, in exec_module
  File "<frozen importlib._bootstrap>", line 488, in _call_with_frames_removed
  File "/opt/airflow/dags/etl_retail.py", line 19, in <module>
    with DAG(
         ^^^^
  File "/home/airflow/.local/lib/python3.12/site-packages/airflow/models/dag.py", line 617, in __init__
    if start_date and start_date.tzinfo:
                      ^^^^^^^^^^^^^^^^^
AttributeError: 'str' object has no attribute 'tzinfo'
[2025-10-23T04:19:42.197+0000] {processor.py:927} WARNING - No viable dags retrieved from /opt/airflow/dags/etl_retail.py
[2025-10-23T04:19:42.212+0000] {processor.py:208} INFO - Processing /opt/airflow/dags/etl_retail.py took 0.557 seconds
[2025-10-23T04:19:52.308+0000] {processor.py:186} INFO - Started process (PID=399) to work on /opt/airflow/dags/etl_retail.py
[2025-10-23T04:19:52.309+0000] {processor.py:914} INFO - Processing file /opt/airflow/dags/etl_retail.py for tasks to queue
[2025-10-23T04:19:52.312+0000] {logging_mixin.py:190} INFO - [2025-10-23T04:19:52.311+0000] {dagbag.py:588} INFO - Filling up the DagBag from /opt/airflow/dags/etl_retail.py
[2025-10-23T04:19:52.875+0000] {logging_mixin.py:190} INFO - [2025-10-23T04:19:52.871+0000] {dagbag.py:387} ERROR - Failed to import: /opt/airflow/dags/etl_retail.py
Traceback (most recent call last):
  File "/home/airflow/.local/lib/python3.12/site-packages/airflow/models/dagbag.py", line 383, in parse
    loader.exec_module(new_module)
  File "<frozen importlib._bootstrap_external>", line 999, in exec_module
  File "<frozen importlib._bootstrap>", line 488, in _call_with_frames_removed
  File "/opt/airflow/dags/etl_retail.py", line 19, in <module>
    with DAG(
         ^^^^
  File "/home/airflow/.local/lib/python3.12/site-packages/airflow/models/dag.py", line 617, in __init__
    if start_date and start_date.tzinfo:
                      ^^^^^^^^^^^^^^^^^
AttributeError: 'str' object has no attribute 'tzinfo'
[2025-10-23T04:19:52.877+0000] {processor.py:927} WARNING - No viable dags retrieved from /opt/airflow/dags/etl_retail.py
[2025-10-23T04:19:52.893+0000] {processor.py:208} INFO - Processing /opt/airflow/dags/etl_retail.py took 0.591 seconds
[2025-10-23T04:20:02.990+0000] {processor.py:186} INFO - Started process (PID=405) to work on /opt/airflow/dags/etl_retail.py
[2025-10-23T04:20:02.990+0000] {processor.py:914} INFO - Processing file /opt/airflow/dags/etl_retail.py for tasks to queue
[2025-10-23T04:20:02.993+0000] {logging_mixin.py:190} INFO - [2025-10-23T04:20:02.993+0000] {dagbag.py:588} INFO - Filling up the DagBag from /opt/airflow/dags/etl_retail.py
[2025-10-23T04:20:03.441+0000] {logging_mixin.py:190} INFO - [2025-10-23T04:20:03.437+0000] {dagbag.py:387} ERROR - Failed to import: /opt/airflow/dags/etl_retail.py
Traceback (most recent call last):
  File "/home/airflow/.local/lib/python3.12/site-packages/airflow/models/dagbag.py", line 383, in parse
    loader.exec_module(new_module)
  File "<frozen importlib._bootstrap_external>", line 999, in exec_module
  File "<frozen importlib._bootstrap>", line 488, in _call_with_frames_removed
  File "/opt/airflow/dags/etl_retail.py", line 19, in <module>
    with DAG(
         ^^^^
  File "/home/airflow/.local/lib/python3.12/site-packages/airflow/models/dag.py", line 617, in __init__
    if start_date and start_date.tzinfo:
                      ^^^^^^^^^^^^^^^^^
AttributeError: 'str' object has no attribute 'tzinfo'
[2025-10-23T04:20:03.443+0000] {processor.py:927} WARNING - No viable dags retrieved from /opt/airflow/dags/etl_retail.py
[2025-10-23T04:20:03.463+0000] {processor.py:208} INFO - Processing /opt/airflow/dags/etl_retail.py took 0.479 seconds
[2025-10-23T04:20:13.932+0000] {processor.py:186} INFO - Started process (PID=411) to work on /opt/airflow/dags/etl_retail.py
[2025-10-23T04:20:13.933+0000] {processor.py:914} INFO - Processing file /opt/airflow/dags/etl_retail.py for tasks to queue
[2025-10-23T04:20:13.935+0000] {logging_mixin.py:190} INFO - [2025-10-23T04:20:13.934+0000] {dagbag.py:588} INFO - Filling up the DagBag from /opt/airflow/dags/etl_retail.py
[2025-10-23T04:20:14.393+0000] {logging_mixin.py:190} INFO - [2025-10-23T04:20:14.389+0000] {dagbag.py:387} ERROR - Failed to import: /opt/airflow/dags/etl_retail.py
Traceback (most recent call last):
  File "/home/airflow/.local/lib/python3.12/site-packages/airflow/models/dagbag.py", line 383, in parse
    loader.exec_module(new_module)
  File "<frozen importlib._bootstrap_external>", line 999, in exec_module
  File "<frozen importlib._bootstrap>", line 488, in _call_with_frames_removed
  File "/opt/airflow/dags/etl_retail.py", line 19, in <module>
    with DAG(
         ^^^^
  File "/home/airflow/.local/lib/python3.12/site-packages/airflow/models/dag.py", line 617, in __init__
    if start_date and start_date.tzinfo:
                      ^^^^^^^^^^^^^^^^^
AttributeError: 'str' object has no attribute 'tzinfo'
[2025-10-23T04:20:14.395+0000] {processor.py:927} WARNING - No viable dags retrieved from /opt/airflow/dags/etl_retail.py
[2025-10-23T04:20:14.408+0000] {processor.py:208} INFO - Processing /opt/airflow/dags/etl_retail.py took 0.482 seconds
[2025-10-23T04:20:24.504+0000] {processor.py:186} INFO - Started process (PID=417) to work on /opt/airflow/dags/etl_retail.py
[2025-10-23T04:20:24.505+0000] {processor.py:914} INFO - Processing file /opt/airflow/dags/etl_retail.py for tasks to queue
[2025-10-23T04:20:24.507+0000] {logging_mixin.py:190} INFO - [2025-10-23T04:20:24.507+0000] {dagbag.py:588} INFO - Filling up the DagBag from /opt/airflow/dags/etl_retail.py
[2025-10-23T04:20:24.926+0000] {logging_mixin.py:190} INFO - [2025-10-23T04:20:24.922+0000] {dagbag.py:387} ERROR - Failed to import: /opt/airflow/dags/etl_retail.py
Traceback (most recent call last):
  File "/home/airflow/.local/lib/python3.12/site-packages/airflow/models/dagbag.py", line 383, in parse
    loader.exec_module(new_module)
  File "<frozen importlib._bootstrap_external>", line 999, in exec_module
  File "<frozen importlib._bootstrap>", line 488, in _call_with_frames_removed
  File "/opt/airflow/dags/etl_retail.py", line 19, in <module>
    with DAG(
         ^^^^
  File "/home/airflow/.local/lib/python3.12/site-packages/airflow/models/dag.py", line 617, in __init__
    if start_date and start_date.tzinfo:
                      ^^^^^^^^^^^^^^^^^
AttributeError: 'str' object has no attribute 'tzinfo'
[2025-10-23T04:20:24.927+0000] {processor.py:927} WARNING - No viable dags retrieved from /opt/airflow/dags/etl_retail.py
[2025-10-23T04:20:24.947+0000] {processor.py:208} INFO - Processing /opt/airflow/dags/etl_retail.py took 0.449 seconds
[2025-10-23T04:20:35.044+0000] {processor.py:186} INFO - Started process (PID=423) to work on /opt/airflow/dags/etl_retail.py
[2025-10-23T04:20:35.045+0000] {processor.py:914} INFO - Processing file /opt/airflow/dags/etl_retail.py for tasks to queue
[2025-10-23T04:20:35.047+0000] {logging_mixin.py:190} INFO - [2025-10-23T04:20:35.047+0000] {dagbag.py:588} INFO - Filling up the DagBag from /opt/airflow/dags/etl_retail.py
[2025-10-23T04:20:35.463+0000] {logging_mixin.py:190} INFO - [2025-10-23T04:20:35.458+0000] {dagbag.py:387} ERROR - Failed to import: /opt/airflow/dags/etl_retail.py
Traceback (most recent call last):
  File "/home/airflow/.local/lib/python3.12/site-packages/airflow/models/dagbag.py", line 383, in parse
    loader.exec_module(new_module)
  File "<frozen importlib._bootstrap_external>", line 999, in exec_module
  File "<frozen importlib._bootstrap>", line 488, in _call_with_frames_removed
  File "/opt/airflow/dags/etl_retail.py", line 19, in <module>
    with DAG(
         ^^^^
  File "/home/airflow/.local/lib/python3.12/site-packages/airflow/models/dag.py", line 617, in __init__
    if start_date and start_date.tzinfo:
                      ^^^^^^^^^^^^^^^^^
AttributeError: 'str' object has no attribute 'tzinfo'
[2025-10-23T04:20:35.464+0000] {processor.py:927} WARNING - No viable dags retrieved from /opt/airflow/dags/etl_retail.py
[2025-10-23T04:20:35.478+0000] {processor.py:208} INFO - Processing /opt/airflow/dags/etl_retail.py took 0.441 seconds
[2025-10-23T04:20:45.563+0000] {processor.py:186} INFO - Started process (PID=429) to work on /opt/airflow/dags/etl_retail.py
[2025-10-23T04:20:45.563+0000] {processor.py:914} INFO - Processing file /opt/airflow/dags/etl_retail.py for tasks to queue
[2025-10-23T04:20:45.565+0000] {logging_mixin.py:190} INFO - [2025-10-23T04:20:45.565+0000] {dagbag.py:588} INFO - Filling up the DagBag from /opt/airflow/dags/etl_retail.py
[2025-10-23T04:20:46.001+0000] {logging_mixin.py:190} INFO - [2025-10-23T04:20:45.997+0000] {dagbag.py:387} ERROR - Failed to import: /opt/airflow/dags/etl_retail.py
Traceback (most recent call last):
  File "/home/airflow/.local/lib/python3.12/site-packages/airflow/models/dagbag.py", line 383, in parse
    loader.exec_module(new_module)
  File "<frozen importlib._bootstrap_external>", line 999, in exec_module
  File "<frozen importlib._bootstrap>", line 488, in _call_with_frames_removed
  File "/opt/airflow/dags/etl_retail.py", line 19, in <module>
    with DAG(
         ^^^^
  File "/home/airflow/.local/lib/python3.12/site-packages/airflow/models/dag.py", line 617, in __init__
    if start_date and start_date.tzinfo:
                      ^^^^^^^^^^^^^^^^^
AttributeError: 'str' object has no attribute 'tzinfo'
[2025-10-23T04:20:46.003+0000] {processor.py:927} WARNING - No viable dags retrieved from /opt/airflow/dags/etl_retail.py
[2025-10-23T04:20:46.022+0000] {processor.py:208} INFO - Processing /opt/airflow/dags/etl_retail.py took 0.465 seconds
[2025-10-23T04:20:56.092+0000] {processor.py:186} INFO - Started process (PID=435) to work on /opt/airflow/dags/etl_retail.py
[2025-10-23T04:20:56.092+0000] {processor.py:914} INFO - Processing file /opt/airflow/dags/etl_retail.py for tasks to queue
[2025-10-23T04:20:56.095+0000] {logging_mixin.py:190} INFO - [2025-10-23T04:20:56.094+0000] {dagbag.py:588} INFO - Filling up the DagBag from /opt/airflow/dags/etl_retail.py
[2025-10-23T04:20:56.539+0000] {logging_mixin.py:190} INFO - [2025-10-23T04:20:56.535+0000] {dagbag.py:387} ERROR - Failed to import: /opt/airflow/dags/etl_retail.py
Traceback (most recent call last):
  File "/home/airflow/.local/lib/python3.12/site-packages/airflow/models/dagbag.py", line 383, in parse
    loader.exec_module(new_module)
  File "<frozen importlib._bootstrap_external>", line 999, in exec_module
  File "<frozen importlib._bootstrap>", line 488, in _call_with_frames_removed
  File "/opt/airflow/dags/etl_retail.py", line 19, in <module>
    with DAG(
         ^^^^
  File "/home/airflow/.local/lib/python3.12/site-packages/airflow/models/dag.py", line 617, in __init__
    if start_date and start_date.tzinfo:
                      ^^^^^^^^^^^^^^^^^
AttributeError: 'str' object has no attribute 'tzinfo'
[2025-10-23T04:20:56.541+0000] {processor.py:927} WARNING - No viable dags retrieved from /opt/airflow/dags/etl_retail.py
[2025-10-23T04:20:56.553+0000] {processor.py:208} INFO - Processing /opt/airflow/dags/etl_retail.py took 0.467 seconds
[2025-10-23T04:21:06.648+0000] {processor.py:186} INFO - Started process (PID=441) to work on /opt/airflow/dags/etl_retail.py
[2025-10-23T04:21:06.649+0000] {processor.py:914} INFO - Processing file /opt/airflow/dags/etl_retail.py for tasks to queue
[2025-10-23T04:21:06.651+0000] {logging_mixin.py:190} INFO - [2025-10-23T04:21:06.650+0000] {dagbag.py:588} INFO - Filling up the DagBag from /opt/airflow/dags/etl_retail.py
[2025-10-23T04:21:07.083+0000] {logging_mixin.py:190} INFO - [2025-10-23T04:21:07.079+0000] {dagbag.py:387} ERROR - Failed to import: /opt/airflow/dags/etl_retail.py
Traceback (most recent call last):
  File "/home/airflow/.local/lib/python3.12/site-packages/airflow/models/dagbag.py", line 383, in parse
    loader.exec_module(new_module)
  File "<frozen importlib._bootstrap_external>", line 999, in exec_module
  File "<frozen importlib._bootstrap>", line 488, in _call_with_frames_removed
  File "/opt/airflow/dags/etl_retail.py", line 19, in <module>
    with DAG(
         ^^^^
  File "/home/airflow/.local/lib/python3.12/site-packages/airflow/models/dag.py", line 617, in __init__
    if start_date and start_date.tzinfo:
                      ^^^^^^^^^^^^^^^^^
AttributeError: 'str' object has no attribute 'tzinfo'
[2025-10-23T04:21:07.085+0000] {processor.py:927} WARNING - No viable dags retrieved from /opt/airflow/dags/etl_retail.py
[2025-10-23T04:21:07.098+0000] {processor.py:208} INFO - Processing /opt/airflow/dags/etl_retail.py took 0.456 seconds
[2025-10-23T04:21:17.166+0000] {processor.py:186} INFO - Started process (PID=447) to work on /opt/airflow/dags/etl_retail.py
[2025-10-23T04:21:17.167+0000] {processor.py:914} INFO - Processing file /opt/airflow/dags/etl_retail.py for tasks to queue
[2025-10-23T04:21:17.169+0000] {logging_mixin.py:190} INFO - [2025-10-23T04:21:17.169+0000] {dagbag.py:588} INFO - Filling up the DagBag from /opt/airflow/dags/etl_retail.py
[2025-10-23T04:21:17.591+0000] {logging_mixin.py:190} INFO - [2025-10-23T04:21:17.586+0000] {dagbag.py:387} ERROR - Failed to import: /opt/airflow/dags/etl_retail.py
Traceback (most recent call last):
  File "/home/airflow/.local/lib/python3.12/site-packages/airflow/models/dagbag.py", line 383, in parse
    loader.exec_module(new_module)
  File "<frozen importlib._bootstrap_external>", line 999, in exec_module
  File "<frozen importlib._bootstrap>", line 488, in _call_with_frames_removed
  File "/opt/airflow/dags/etl_retail.py", line 19, in <module>
    with DAG(
         ^^^^
  File "/home/airflow/.local/lib/python3.12/site-packages/airflow/models/dag.py", line 617, in __init__
    if start_date and start_date.tzinfo:
                      ^^^^^^^^^^^^^^^^^
AttributeError: 'str' object has no attribute 'tzinfo'
[2025-10-23T04:21:17.592+0000] {processor.py:927} WARNING - No viable dags retrieved from /opt/airflow/dags/etl_retail.py
[2025-10-23T04:21:17.613+0000] {processor.py:208} INFO - Processing /opt/airflow/dags/etl_retail.py took 0.453 seconds
[2025-10-23T04:21:27.715+0000] {processor.py:186} INFO - Started process (PID=453) to work on /opt/airflow/dags/etl_retail.py
[2025-10-23T04:21:27.716+0000] {processor.py:914} INFO - Processing file /opt/airflow/dags/etl_retail.py for tasks to queue
[2025-10-23T04:21:27.718+0000] {logging_mixin.py:190} INFO - [2025-10-23T04:21:27.718+0000] {dagbag.py:588} INFO - Filling up the DagBag from /opt/airflow/dags/etl_retail.py
[2025-10-23T04:21:28.126+0000] {logging_mixin.py:190} INFO - [2025-10-23T04:21:28.121+0000] {dagbag.py:387} ERROR - Failed to import: /opt/airflow/dags/etl_retail.py
Traceback (most recent call last):
  File "/home/airflow/.local/lib/python3.12/site-packages/airflow/models/dagbag.py", line 383, in parse
    loader.exec_module(new_module)
  File "<frozen importlib._bootstrap_external>", line 999, in exec_module
  File "<frozen importlib._bootstrap>", line 488, in _call_with_frames_removed
  File "/opt/airflow/dags/etl_retail.py", line 19, in <module>
    with DAG(
         ^^^^
  File "/home/airflow/.local/lib/python3.12/site-packages/airflow/models/dag.py", line 617, in __init__
    if start_date and start_date.tzinfo:
                      ^^^^^^^^^^^^^^^^^
AttributeError: 'str' object has no attribute 'tzinfo'
[2025-10-23T04:21:28.128+0000] {processor.py:927} WARNING - No viable dags retrieved from /opt/airflow/dags/etl_retail.py
[2025-10-23T04:21:28.142+0000] {processor.py:208} INFO - Processing /opt/airflow/dags/etl_retail.py took 0.432 seconds
[2025-10-23T04:21:38.243+0000] {processor.py:186} INFO - Started process (PID=459) to work on /opt/airflow/dags/etl_retail.py
[2025-10-23T04:21:38.244+0000] {processor.py:914} INFO - Processing file /opt/airflow/dags/etl_retail.py for tasks to queue
[2025-10-23T04:21:38.246+0000] {logging_mixin.py:190} INFO - [2025-10-23T04:21:38.246+0000] {dagbag.py:588} INFO - Filling up the DagBag from /opt/airflow/dags/etl_retail.py
[2025-10-23T04:21:38.676+0000] {logging_mixin.py:190} INFO - [2025-10-23T04:21:38.672+0000] {dagbag.py:387} ERROR - Failed to import: /opt/airflow/dags/etl_retail.py
Traceback (most recent call last):
  File "/home/airflow/.local/lib/python3.12/site-packages/airflow/models/dagbag.py", line 383, in parse
    loader.exec_module(new_module)
  File "<frozen importlib._bootstrap_external>", line 999, in exec_module
  File "<frozen importlib._bootstrap>", line 488, in _call_with_frames_removed
  File "/opt/airflow/dags/etl_retail.py", line 19, in <module>
    with DAG(
         ^^^^
  File "/home/airflow/.local/lib/python3.12/site-packages/airflow/models/dag.py", line 617, in __init__
    if start_date and start_date.tzinfo:
                      ^^^^^^^^^^^^^^^^^
AttributeError: 'str' object has no attribute 'tzinfo'
[2025-10-23T04:21:38.678+0000] {processor.py:927} WARNING - No viable dags retrieved from /opt/airflow/dags/etl_retail.py
[2025-10-23T04:21:38.691+0000] {processor.py:208} INFO - Processing /opt/airflow/dags/etl_retail.py took 0.455 seconds
[2025-10-23T04:21:48.769+0000] {processor.py:186} INFO - Started process (PID=465) to work on /opt/airflow/dags/etl_retail.py
[2025-10-23T04:21:48.770+0000] {processor.py:914} INFO - Processing file /opt/airflow/dags/etl_retail.py for tasks to queue
[2025-10-23T04:21:48.773+0000] {logging_mixin.py:190} INFO - [2025-10-23T04:21:48.772+0000] {dagbag.py:588} INFO - Filling up the DagBag from /opt/airflow/dags/etl_retail.py
[2025-10-23T04:21:49.211+0000] {logging_mixin.py:190} INFO - [2025-10-23T04:21:49.207+0000] {dagbag.py:387} ERROR - Failed to import: /opt/airflow/dags/etl_retail.py
Traceback (most recent call last):
  File "/home/airflow/.local/lib/python3.12/site-packages/airflow/models/dagbag.py", line 383, in parse
    loader.exec_module(new_module)
  File "<frozen importlib._bootstrap_external>", line 999, in exec_module
  File "<frozen importlib._bootstrap>", line 488, in _call_with_frames_removed
  File "/opt/airflow/dags/etl_retail.py", line 19, in <module>
    with DAG(
         ^^^^
  File "/home/airflow/.local/lib/python3.12/site-packages/airflow/models/dag.py", line 617, in __init__
    if start_date and start_date.tzinfo:
                      ^^^^^^^^^^^^^^^^^
AttributeError: 'str' object has no attribute 'tzinfo'
[2025-10-23T04:21:49.213+0000] {processor.py:927} WARNING - No viable dags retrieved from /opt/airflow/dags/etl_retail.py
[2025-10-23T04:21:49.226+0000] {processor.py:208} INFO - Processing /opt/airflow/dags/etl_retail.py took 0.463 seconds
[2025-10-23T04:21:59.307+0000] {processor.py:186} INFO - Started process (PID=471) to work on /opt/airflow/dags/etl_retail.py
[2025-10-23T04:21:59.308+0000] {processor.py:914} INFO - Processing file /opt/airflow/dags/etl_retail.py for tasks to queue
[2025-10-23T04:21:59.311+0000] {logging_mixin.py:190} INFO - [2025-10-23T04:21:59.310+0000] {dagbag.py:588} INFO - Filling up the DagBag from /opt/airflow/dags/etl_retail.py
[2025-10-23T04:21:59.728+0000] {logging_mixin.py:190} INFO - [2025-10-23T04:21:59.724+0000] {dagbag.py:387} ERROR - Failed to import: /opt/airflow/dags/etl_retail.py
Traceback (most recent call last):
  File "/home/airflow/.local/lib/python3.12/site-packages/airflow/models/dagbag.py", line 383, in parse
    loader.exec_module(new_module)
  File "<frozen importlib._bootstrap_external>", line 999, in exec_module
  File "<frozen importlib._bootstrap>", line 488, in _call_with_frames_removed
  File "/opt/airflow/dags/etl_retail.py", line 19, in <module>
    with DAG(
         ^^^^
  File "/home/airflow/.local/lib/python3.12/site-packages/airflow/models/dag.py", line 617, in __init__
    if start_date and start_date.tzinfo:
                      ^^^^^^^^^^^^^^^^^
AttributeError: 'str' object has no attribute 'tzinfo'
[2025-10-23T04:21:59.730+0000] {processor.py:927} WARNING - No viable dags retrieved from /opt/airflow/dags/etl_retail.py
[2025-10-23T04:21:59.749+0000] {processor.py:208} INFO - Processing /opt/airflow/dags/etl_retail.py took 0.447 seconds
[2025-10-23T04:22:09.841+0000] {processor.py:186} INFO - Started process (PID=477) to work on /opt/airflow/dags/etl_retail.py
[2025-10-23T04:22:09.842+0000] {processor.py:914} INFO - Processing file /opt/airflow/dags/etl_retail.py for tasks to queue
[2025-10-23T04:22:09.844+0000] {logging_mixin.py:190} INFO - [2025-10-23T04:22:09.844+0000] {dagbag.py:588} INFO - Filling up the DagBag from /opt/airflow/dags/etl_retail.py
[2025-10-23T04:22:10.278+0000] {logging_mixin.py:190} INFO - [2025-10-23T04:22:10.274+0000] {dagbag.py:387} ERROR - Failed to import: /opt/airflow/dags/etl_retail.py
Traceback (most recent call last):
  File "/home/airflow/.local/lib/python3.12/site-packages/airflow/models/dagbag.py", line 383, in parse
    loader.exec_module(new_module)
  File "<frozen importlib._bootstrap_external>", line 999, in exec_module
  File "<frozen importlib._bootstrap>", line 488, in _call_with_frames_removed
  File "/opt/airflow/dags/etl_retail.py", line 19, in <module>
    with DAG(
         ^^^^
  File "/home/airflow/.local/lib/python3.12/site-packages/airflow/models/dag.py", line 617, in __init__
    if start_date and start_date.tzinfo:
                      ^^^^^^^^^^^^^^^^^
AttributeError: 'str' object has no attribute 'tzinfo'
[2025-10-23T04:22:10.280+0000] {processor.py:927} WARNING - No viable dags retrieved from /opt/airflow/dags/etl_retail.py
[2025-10-23T04:22:10.293+0000] {processor.py:208} INFO - Processing /opt/airflow/dags/etl_retail.py took 0.458 seconds
[2025-10-23T04:22:21.376+0000] {processor.py:186} INFO - Started process (PID=483) to work on /opt/airflow/dags/etl_retail.py
[2025-10-23T04:22:21.376+0000] {processor.py:914} INFO - Processing file /opt/airflow/dags/etl_retail.py for tasks to queue
[2025-10-23T04:22:21.379+0000] {logging_mixin.py:190} INFO - [2025-10-23T04:22:21.379+0000] {dagbag.py:588} INFO - Filling up the DagBag from /opt/airflow/dags/etl_retail.py
[2025-10-23T04:22:21.830+0000] {logging_mixin.py:190} INFO - [2025-10-23T04:22:21.825+0000] {dagbag.py:387} ERROR - Failed to import: /opt/airflow/dags/etl_retail.py
Traceback (most recent call last):
  File "/home/airflow/.local/lib/python3.12/site-packages/airflow/models/dagbag.py", line 383, in parse
    loader.exec_module(new_module)
  File "<frozen importlib._bootstrap_external>", line 999, in exec_module
  File "<frozen importlib._bootstrap>", line 488, in _call_with_frames_removed
  File "/opt/airflow/dags/etl_retail.py", line 19, in <module>
    with DAG(
         ^^^^
  File "/home/airflow/.local/lib/python3.12/site-packages/airflow/models/dag.py", line 617, in __init__
    if start_date and start_date.tzinfo:
                      ^^^^^^^^^^^^^^^^^
AttributeError: 'str' object has no attribute 'tzinfo'
[2025-10-23T04:22:21.832+0000] {processor.py:927} WARNING - No viable dags retrieved from /opt/airflow/dags/etl_retail.py
[2025-10-23T04:22:21.857+0000] {processor.py:208} INFO - Processing /opt/airflow/dags/etl_retail.py took 0.487 seconds
[2025-10-23T04:22:31.913+0000] {processor.py:186} INFO - Started process (PID=489) to work on /opt/airflow/dags/etl_retail.py
[2025-10-23T04:22:31.915+0000] {processor.py:914} INFO - Processing file /opt/airflow/dags/etl_retail.py for tasks to queue
[2025-10-23T04:22:31.917+0000] {logging_mixin.py:190} INFO - [2025-10-23T04:22:31.916+0000] {dagbag.py:588} INFO - Filling up the DagBag from /opt/airflow/dags/etl_retail.py
[2025-10-23T04:22:32.323+0000] {logging_mixin.py:190} INFO - [2025-10-23T04:22:32.319+0000] {dagbag.py:387} ERROR - Failed to import: /opt/airflow/dags/etl_retail.py
Traceback (most recent call last):
  File "/home/airflow/.local/lib/python3.12/site-packages/airflow/models/dagbag.py", line 383, in parse
    loader.exec_module(new_module)
  File "<frozen importlib._bootstrap_external>", line 999, in exec_module
  File "<frozen importlib._bootstrap>", line 488, in _call_with_frames_removed
  File "/opt/airflow/dags/etl_retail.py", line 19, in <module>
    with DAG(
         ^^^^
  File "/home/airflow/.local/lib/python3.12/site-packages/airflow/models/dag.py", line 617, in __init__
    if start_date and start_date.tzinfo:
                      ^^^^^^^^^^^^^^^^^
AttributeError: 'str' object has no attribute 'tzinfo'
[2025-10-23T04:22:32.325+0000] {processor.py:927} WARNING - No viable dags retrieved from /opt/airflow/dags/etl_retail.py
[2025-10-23T04:22:32.337+0000] {processor.py:208} INFO - Processing /opt/airflow/dags/etl_retail.py took 0.429 seconds
[2025-10-23T04:22:42.431+0000] {processor.py:186} INFO - Started process (PID=495) to work on /opt/airflow/dags/etl_retail.py
[2025-10-23T04:22:42.432+0000] {processor.py:914} INFO - Processing file /opt/airflow/dags/etl_retail.py for tasks to queue
[2025-10-23T04:22:42.434+0000] {logging_mixin.py:190} INFO - [2025-10-23T04:22:42.434+0000] {dagbag.py:588} INFO - Filling up the DagBag from /opt/airflow/dags/etl_retail.py
[2025-10-23T04:22:42.899+0000] {logging_mixin.py:190} INFO - [2025-10-23T04:22:42.895+0000] {dagbag.py:387} ERROR - Failed to import: /opt/airflow/dags/etl_retail.py
Traceback (most recent call last):
  File "/home/airflow/.local/lib/python3.12/site-packages/airflow/models/dagbag.py", line 383, in parse
    loader.exec_module(new_module)
  File "<frozen importlib._bootstrap_external>", line 999, in exec_module
  File "<frozen importlib._bootstrap>", line 488, in _call_with_frames_removed
  File "/opt/airflow/dags/etl_retail.py", line 19, in <module>
    with DAG(
         ^^^^
  File "/home/airflow/.local/lib/python3.12/site-packages/airflow/models/dag.py", line 617, in __init__
    if start_date and start_date.tzinfo:
                      ^^^^^^^^^^^^^^^^^
AttributeError: 'str' object has no attribute 'tzinfo'
[2025-10-23T04:22:42.901+0000] {processor.py:927} WARNING - No viable dags retrieved from /opt/airflow/dags/etl_retail.py
[2025-10-23T04:22:42.914+0000] {processor.py:208} INFO - Processing /opt/airflow/dags/etl_retail.py took 0.489 seconds
[2025-10-23T04:22:53.493+0000] {processor.py:186} INFO - Started process (PID=501) to work on /opt/airflow/dags/etl_retail.py
[2025-10-23T04:22:53.494+0000] {processor.py:914} INFO - Processing file /opt/airflow/dags/etl_retail.py for tasks to queue
[2025-10-23T04:22:53.497+0000] {logging_mixin.py:190} INFO - [2025-10-23T04:22:53.496+0000] {dagbag.py:588} INFO - Filling up the DagBag from /opt/airflow/dags/etl_retail.py
[2025-10-23T04:22:53.964+0000] {logging_mixin.py:190} INFO - [2025-10-23T04:22:53.959+0000] {dagbag.py:387} ERROR - Failed to import: /opt/airflow/dags/etl_retail.py
Traceback (most recent call last):
  File "/home/airflow/.local/lib/python3.12/site-packages/airflow/models/dagbag.py", line 383, in parse
    loader.exec_module(new_module)
  File "<frozen importlib._bootstrap_external>", line 999, in exec_module
  File "<frozen importlib._bootstrap>", line 488, in _call_with_frames_removed
  File "/opt/airflow/dags/etl_retail.py", line 19, in <module>
    with DAG(
         ^^^^
  File "/home/airflow/.local/lib/python3.12/site-packages/airflow/models/dag.py", line 617, in __init__
    if start_date and start_date.tzinfo:
                      ^^^^^^^^^^^^^^^^^
AttributeError: 'str' object has no attribute 'tzinfo'
[2025-10-23T04:22:53.966+0000] {processor.py:927} WARNING - No viable dags retrieved from /opt/airflow/dags/etl_retail.py
[2025-10-23T04:22:53.980+0000] {processor.py:208} INFO - Processing /opt/airflow/dags/etl_retail.py took 0.493 seconds
[2025-10-23T04:23:04.049+0000] {processor.py:186} INFO - Started process (PID=507) to work on /opt/airflow/dags/etl_retail.py
[2025-10-23T04:23:04.050+0000] {processor.py:914} INFO - Processing file /opt/airflow/dags/etl_retail.py for tasks to queue
[2025-10-23T04:23:04.052+0000] {logging_mixin.py:190} INFO - [2025-10-23T04:23:04.051+0000] {dagbag.py:588} INFO - Filling up the DagBag from /opt/airflow/dags/etl_retail.py
[2025-10-23T04:23:04.465+0000] {logging_mixin.py:190} INFO - [2025-10-23T04:23:04.461+0000] {dagbag.py:387} ERROR - Failed to import: /opt/airflow/dags/etl_retail.py
Traceback (most recent call last):
  File "/home/airflow/.local/lib/python3.12/site-packages/airflow/models/dagbag.py", line 383, in parse
    loader.exec_module(new_module)
  File "<frozen importlib._bootstrap_external>", line 999, in exec_module
  File "<frozen importlib._bootstrap>", line 488, in _call_with_frames_removed
  File "/opt/airflow/dags/etl_retail.py", line 19, in <module>
    with DAG(
         ^^^^
  File "/home/airflow/.local/lib/python3.12/site-packages/airflow/models/dag.py", line 617, in __init__
    if start_date and start_date.tzinfo:
                      ^^^^^^^^^^^^^^^^^
AttributeError: 'str' object has no attribute 'tzinfo'
[2025-10-23T04:23:04.467+0000] {processor.py:927} WARNING - No viable dags retrieved from /opt/airflow/dags/etl_retail.py
[2025-10-23T04:23:04.486+0000] {processor.py:208} INFO - Processing /opt/airflow/dags/etl_retail.py took 0.443 seconds
[2025-10-23T04:23:14.589+0000] {processor.py:186} INFO - Started process (PID=513) to work on /opt/airflow/dags/etl_retail.py
[2025-10-23T04:23:14.590+0000] {processor.py:914} INFO - Processing file /opt/airflow/dags/etl_retail.py for tasks to queue
[2025-10-23T04:23:14.592+0000] {logging_mixin.py:190} INFO - [2025-10-23T04:23:14.592+0000] {dagbag.py:588} INFO - Filling up the DagBag from /opt/airflow/dags/etl_retail.py
[2025-10-23T04:23:15.042+0000] {logging_mixin.py:190} INFO - [2025-10-23T04:23:15.037+0000] {dagbag.py:387} ERROR - Failed to import: /opt/airflow/dags/etl_retail.py
Traceback (most recent call last):
  File "/home/airflow/.local/lib/python3.12/site-packages/airflow/models/dagbag.py", line 383, in parse
    loader.exec_module(new_module)
  File "<frozen importlib._bootstrap_external>", line 999, in exec_module
  File "<frozen importlib._bootstrap>", line 488, in _call_with_frames_removed
  File "/opt/airflow/dags/etl_retail.py", line 19, in <module>
    with DAG(
         ^^^^
  File "/home/airflow/.local/lib/python3.12/site-packages/airflow/models/dag.py", line 617, in __init__
    if start_date and start_date.tzinfo:
                      ^^^^^^^^^^^^^^^^^
AttributeError: 'str' object has no attribute 'tzinfo'
[2025-10-23T04:23:15.044+0000] {processor.py:927} WARNING - No viable dags retrieved from /opt/airflow/dags/etl_retail.py
[2025-10-23T04:23:15.057+0000] {processor.py:208} INFO - Processing /opt/airflow/dags/etl_retail.py took 0.474 seconds
[2025-10-23T04:23:26.202+0000] {processor.py:186} INFO - Started process (PID=519) to work on /opt/airflow/dags/etl_retail.py
[2025-10-23T04:23:26.203+0000] {processor.py:914} INFO - Processing file /opt/airflow/dags/etl_retail.py for tasks to queue
[2025-10-23T04:23:26.205+0000] {logging_mixin.py:190} INFO - [2025-10-23T04:23:26.205+0000] {dagbag.py:588} INFO - Filling up the DagBag from /opt/airflow/dags/etl_retail.py
[2025-10-23T04:23:26.661+0000] {logging_mixin.py:190} INFO - [2025-10-23T04:23:26.657+0000] {dagbag.py:387} ERROR - Failed to import: /opt/airflow/dags/etl_retail.py
Traceback (most recent call last):
  File "/home/airflow/.local/lib/python3.12/site-packages/airflow/models/dagbag.py", line 383, in parse
    loader.exec_module(new_module)
  File "<frozen importlib._bootstrap_external>", line 999, in exec_module
  File "<frozen importlib._bootstrap>", line 488, in _call_with_frames_removed
  File "/opt/airflow/dags/etl_retail.py", line 19, in <module>
    with DAG(
         ^^^^
  File "/home/airflow/.local/lib/python3.12/site-packages/airflow/models/dag.py", line 617, in __init__
    if start_date and start_date.tzinfo:
                      ^^^^^^^^^^^^^^^^^
AttributeError: 'str' object has no attribute 'tzinfo'
[2025-10-23T04:23:26.662+0000] {processor.py:927} WARNING - No viable dags retrieved from /opt/airflow/dags/etl_retail.py
[2025-10-23T04:23:26.675+0000] {processor.py:208} INFO - Processing /opt/airflow/dags/etl_retail.py took 0.479 seconds
[2025-10-23T04:23:36.793+0000] {processor.py:186} INFO - Started process (PID=525) to work on /opt/airflow/dags/etl_retail.py
[2025-10-23T04:23:36.794+0000] {processor.py:914} INFO - Processing file /opt/airflow/dags/etl_retail.py for tasks to queue
[2025-10-23T04:23:36.797+0000] {logging_mixin.py:190} INFO - [2025-10-23T04:23:36.797+0000] {dagbag.py:588} INFO - Filling up the DagBag from /opt/airflow/dags/etl_retail.py
[2025-10-23T04:23:37.271+0000] {logging_mixin.py:190} INFO - [2025-10-23T04:23:37.267+0000] {dagbag.py:387} ERROR - Failed to import: /opt/airflow/dags/etl_retail.py
Traceback (most recent call last):
  File "/home/airflow/.local/lib/python3.12/site-packages/airflow/models/dagbag.py", line 383, in parse
    loader.exec_module(new_module)
  File "<frozen importlib._bootstrap_external>", line 999, in exec_module
  File "<frozen importlib._bootstrap>", line 488, in _call_with_frames_removed
  File "/opt/airflow/dags/etl_retail.py", line 19, in <module>
    with DAG(
         ^^^^
  File "/home/airflow/.local/lib/python3.12/site-packages/airflow/models/dag.py", line 617, in __init__
    if start_date and start_date.tzinfo:
                      ^^^^^^^^^^^^^^^^^
AttributeError: 'str' object has no attribute 'tzinfo'
[2025-10-23T04:23:37.273+0000] {processor.py:927} WARNING - No viable dags retrieved from /opt/airflow/dags/etl_retail.py
[2025-10-23T04:23:37.288+0000] {processor.py:208} INFO - Processing /opt/airflow/dags/etl_retail.py took 0.500 seconds
[2025-10-23T04:23:47.385+0000] {processor.py:186} INFO - Started process (PID=531) to work on /opt/airflow/dags/etl_retail.py
[2025-10-23T04:23:47.385+0000] {processor.py:914} INFO - Processing file /opt/airflow/dags/etl_retail.py for tasks to queue
[2025-10-23T04:23:47.387+0000] {logging_mixin.py:190} INFO - [2025-10-23T04:23:47.387+0000] {dagbag.py:588} INFO - Filling up the DagBag from /opt/airflow/dags/etl_retail.py
[2025-10-23T04:23:47.880+0000] {logging_mixin.py:190} INFO - [2025-10-23T04:23:47.873+0000] {dagbag.py:387} ERROR - Failed to import: /opt/airflow/dags/etl_retail.py
Traceback (most recent call last):
  File "/home/airflow/.local/lib/python3.12/site-packages/airflow/models/dagbag.py", line 383, in parse
    loader.exec_module(new_module)
  File "<frozen importlib._bootstrap_external>", line 999, in exec_module
  File "<frozen importlib._bootstrap>", line 488, in _call_with_frames_removed
  File "/opt/airflow/dags/etl_retail.py", line 19, in <module>
    with DAG(
         ^^^^
  File "/home/airflow/.local/lib/python3.12/site-packages/airflow/models/dag.py", line 617, in __init__
    if start_date and start_date.tzinfo:
                      ^^^^^^^^^^^^^^^^^
AttributeError: 'str' object has no attribute 'tzinfo'
[2025-10-23T04:23:47.883+0000] {processor.py:927} WARNING - No viable dags retrieved from /opt/airflow/dags/etl_retail.py
[2025-10-23T04:23:47.909+0000] {processor.py:208} INFO - Processing /opt/airflow/dags/etl_retail.py took 0.530 seconds
[2025-10-23T04:23:59.453+0000] {processor.py:186} INFO - Started process (PID=537) to work on /opt/airflow/dags/etl_retail.py
[2025-10-23T04:23:59.454+0000] {processor.py:914} INFO - Processing file /opt/airflow/dags/etl_retail.py for tasks to queue
[2025-10-23T04:23:59.458+0000] {logging_mixin.py:190} INFO - [2025-10-23T04:23:59.457+0000] {dagbag.py:588} INFO - Filling up the DagBag from /opt/airflow/dags/etl_retail.py
[2025-10-23T04:23:59.929+0000] {logging_mixin.py:190} INFO - [2025-10-23T04:23:59.924+0000] {dagbag.py:387} ERROR - Failed to import: /opt/airflow/dags/etl_retail.py
Traceback (most recent call last):
  File "/home/airflow/.local/lib/python3.12/site-packages/airflow/models/dagbag.py", line 383, in parse
    loader.exec_module(new_module)
  File "<frozen importlib._bootstrap_external>", line 999, in exec_module
  File "<frozen importlib._bootstrap>", line 488, in _call_with_frames_removed
  File "/opt/airflow/dags/etl_retail.py", line 19, in <module>
    with DAG(
         ^^^^
  File "/home/airflow/.local/lib/python3.12/site-packages/airflow/models/dag.py", line 617, in __init__
    if start_date and start_date.tzinfo:
                      ^^^^^^^^^^^^^^^^^
AttributeError: 'str' object has no attribute 'tzinfo'
[2025-10-23T04:23:59.931+0000] {processor.py:927} WARNING - No viable dags retrieved from /opt/airflow/dags/etl_retail.py
[2025-10-23T04:23:59.945+0000] {processor.py:208} INFO - Processing /opt/airflow/dags/etl_retail.py took 0.498 seconds
[2025-10-23T04:24:10.043+0000] {processor.py:186} INFO - Started process (PID=543) to work on /opt/airflow/dags/etl_retail.py
[2025-10-23T04:24:10.044+0000] {processor.py:914} INFO - Processing file /opt/airflow/dags/etl_retail.py for tasks to queue
[2025-10-23T04:24:10.046+0000] {logging_mixin.py:190} INFO - [2025-10-23T04:24:10.046+0000] {dagbag.py:588} INFO - Filling up the DagBag from /opt/airflow/dags/etl_retail.py
[2025-10-23T04:24:10.502+0000] {logging_mixin.py:190} INFO - [2025-10-23T04:24:10.498+0000] {dagbag.py:387} ERROR - Failed to import: /opt/airflow/dags/etl_retail.py
Traceback (most recent call last):
  File "/home/airflow/.local/lib/python3.12/site-packages/airflow/models/dagbag.py", line 383, in parse
    loader.exec_module(new_module)
  File "<frozen importlib._bootstrap_external>", line 999, in exec_module
  File "<frozen importlib._bootstrap>", line 488, in _call_with_frames_removed
  File "/opt/airflow/dags/etl_retail.py", line 19, in <module>
    with DAG(
         ^^^^
  File "/home/airflow/.local/lib/python3.12/site-packages/airflow/models/dag.py", line 617, in __init__
    if start_date and start_date.tzinfo:
                      ^^^^^^^^^^^^^^^^^
AttributeError: 'str' object has no attribute 'tzinfo'
[2025-10-23T04:24:10.503+0000] {processor.py:927} WARNING - No viable dags retrieved from /opt/airflow/dags/etl_retail.py
[2025-10-23T04:24:10.516+0000] {processor.py:208} INFO - Processing /opt/airflow/dags/etl_retail.py took 0.480 seconds
[2025-10-23T04:24:20.625+0000] {processor.py:186} INFO - Started process (PID=549) to work on /opt/airflow/dags/etl_retail.py
[2025-10-23T04:24:20.627+0000] {processor.py:914} INFO - Processing file /opt/airflow/dags/etl_retail.py for tasks to queue
[2025-10-23T04:24:20.631+0000] {logging_mixin.py:190} INFO - [2025-10-23T04:24:20.631+0000] {dagbag.py:588} INFO - Filling up the DagBag from /opt/airflow/dags/etl_retail.py
[2025-10-23T04:24:21.094+0000] {logging_mixin.py:190} INFO - [2025-10-23T04:24:21.089+0000] {dagbag.py:387} ERROR - Failed to import: /opt/airflow/dags/etl_retail.py
Traceback (most recent call last):
  File "/home/airflow/.local/lib/python3.12/site-packages/airflow/models/dagbag.py", line 383, in parse
    loader.exec_module(new_module)
  File "<frozen importlib._bootstrap_external>", line 999, in exec_module
  File "<frozen importlib._bootstrap>", line 488, in _call_with_frames_removed
  File "/opt/airflow/dags/etl_retail.py", line 19, in <module>
    with DAG(
         ^^^^
  File "/home/airflow/.local/lib/python3.12/site-packages/airflow/models/dag.py", line 617, in __init__
    if start_date and start_date.tzinfo:
                      ^^^^^^^^^^^^^^^^^
AttributeError: 'str' object has no attribute 'tzinfo'
[2025-10-23T04:24:21.096+0000] {processor.py:927} WARNING - No viable dags retrieved from /opt/airflow/dags/etl_retail.py
[2025-10-23T04:24:21.109+0000] {processor.py:208} INFO - Processing /opt/airflow/dags/etl_retail.py took 0.490 seconds
[2025-10-23T04:24:31.655+0000] {processor.py:186} INFO - Started process (PID=555) to work on /opt/airflow/dags/etl_retail.py
[2025-10-23T04:24:31.656+0000] {processor.py:914} INFO - Processing file /opt/airflow/dags/etl_retail.py for tasks to queue
[2025-10-23T04:24:31.658+0000] {logging_mixin.py:190} INFO - [2025-10-23T04:24:31.658+0000] {dagbag.py:588} INFO - Filling up the DagBag from /opt/airflow/dags/etl_retail.py
[2025-10-23T04:24:32.112+0000] {logging_mixin.py:190} INFO - [2025-10-23T04:24:32.104+0000] {dagbag.py:387} ERROR - Failed to import: /opt/airflow/dags/etl_retail.py
Traceback (most recent call last):
  File "/home/airflow/.local/lib/python3.12/site-packages/airflow/models/dagbag.py", line 383, in parse
    loader.exec_module(new_module)
  File "<frozen importlib._bootstrap_external>", line 999, in exec_module
  File "<frozen importlib._bootstrap>", line 488, in _call_with_frames_removed
  File "/opt/airflow/dags/etl_retail.py", line 19, in <module>
    with DAG(
         ^^^^
  File "/home/airflow/.local/lib/python3.12/site-packages/airflow/models/dag.py", line 617, in __init__
    if start_date and start_date.tzinfo:
                      ^^^^^^^^^^^^^^^^^
AttributeError: 'str' object has no attribute 'tzinfo'
[2025-10-23T04:24:32.115+0000] {processor.py:927} WARNING - No viable dags retrieved from /opt/airflow/dags/etl_retail.py
[2025-10-23T04:24:32.131+0000] {processor.py:208} INFO - Processing /opt/airflow/dags/etl_retail.py took 0.482 seconds
[2025-10-23T04:24:42.228+0000] {processor.py:186} INFO - Started process (PID=561) to work on /opt/airflow/dags/etl_retail.py
[2025-10-23T04:24:42.229+0000] {processor.py:914} INFO - Processing file /opt/airflow/dags/etl_retail.py for tasks to queue
[2025-10-23T04:24:42.231+0000] {logging_mixin.py:190} INFO - [2025-10-23T04:24:42.231+0000] {dagbag.py:588} INFO - Filling up the DagBag from /opt/airflow/dags/etl_retail.py
[2025-10-23T04:24:42.714+0000] {logging_mixin.py:190} INFO - [2025-10-23T04:24:42.710+0000] {dagbag.py:387} ERROR - Failed to import: /opt/airflow/dags/etl_retail.py
Traceback (most recent call last):
  File "/home/airflow/.local/lib/python3.12/site-packages/airflow/models/dagbag.py", line 383, in parse
    loader.exec_module(new_module)
  File "<frozen importlib._bootstrap_external>", line 999, in exec_module
  File "<frozen importlib._bootstrap>", line 488, in _call_with_frames_removed
  File "/opt/airflow/dags/etl_retail.py", line 19, in <module>
    with DAG(
         ^^^^
  File "/home/airflow/.local/lib/python3.12/site-packages/airflow/models/dag.py", line 617, in __init__
    if start_date and start_date.tzinfo:
                      ^^^^^^^^^^^^^^^^^
AttributeError: 'str' object has no attribute 'tzinfo'
[2025-10-23T04:24:42.716+0000] {processor.py:927} WARNING - No viable dags retrieved from /opt/airflow/dags/etl_retail.py
[2025-10-23T04:24:42.730+0000] {processor.py:208} INFO - Processing /opt/airflow/dags/etl_retail.py took 0.508 seconds
[2025-10-23T04:24:52.779+0000] {processor.py:186} INFO - Started process (PID=567) to work on /opt/airflow/dags/etl_retail.py
[2025-10-23T04:24:52.781+0000] {processor.py:914} INFO - Processing file /opt/airflow/dags/etl_retail.py for tasks to queue
[2025-10-23T04:24:52.783+0000] {logging_mixin.py:190} INFO - [2025-10-23T04:24:52.783+0000] {dagbag.py:588} INFO - Filling up the DagBag from /opt/airflow/dags/etl_retail.py
[2025-10-23T04:24:53.208+0000] {logging_mixin.py:190} INFO - [2025-10-23T04:24:53.203+0000] {dagbag.py:387} ERROR - Failed to import: /opt/airflow/dags/etl_retail.py
Traceback (most recent call last):
  File "/home/airflow/.local/lib/python3.12/site-packages/airflow/models/dagbag.py", line 383, in parse
    loader.exec_module(new_module)
  File "<frozen importlib._bootstrap_external>", line 999, in exec_module
  File "<frozen importlib._bootstrap>", line 488, in _call_with_frames_removed
  File "/opt/airflow/dags/etl_retail.py", line 19, in <module>
    with DAG(
         ^^^^
  File "/home/airflow/.local/lib/python3.12/site-packages/airflow/models/dag.py", line 617, in __init__
    if start_date and start_date.tzinfo:
                      ^^^^^^^^^^^^^^^^^
AttributeError: 'str' object has no attribute 'tzinfo'
[2025-10-23T04:24:53.210+0000] {processor.py:927} WARNING - No viable dags retrieved from /opt/airflow/dags/etl_retail.py
[2025-10-23T04:24:53.230+0000] {processor.py:208} INFO - Processing /opt/airflow/dags/etl_retail.py took 0.457 seconds
[2025-10-23T04:25:04.097+0000] {processor.py:186} INFO - Started process (PID=573) to work on /opt/airflow/dags/etl_retail.py
[2025-10-23T04:25:04.098+0000] {processor.py:914} INFO - Processing file /opt/airflow/dags/etl_retail.py for tasks to queue
[2025-10-23T04:25:04.100+0000] {logging_mixin.py:190} INFO - [2025-10-23T04:25:04.100+0000] {dagbag.py:588} INFO - Filling up the DagBag from /opt/airflow/dags/etl_retail.py
[2025-10-23T04:25:04.521+0000] {logging_mixin.py:190} INFO - [2025-10-23T04:25:04.517+0000] {dagbag.py:387} ERROR - Failed to import: /opt/airflow/dags/etl_retail.py
Traceback (most recent call last):
  File "/home/airflow/.local/lib/python3.12/site-packages/airflow/models/dagbag.py", line 383, in parse
    loader.exec_module(new_module)
  File "<frozen importlib._bootstrap_external>", line 999, in exec_module
  File "<frozen importlib._bootstrap>", line 488, in _call_with_frames_removed
  File "/opt/airflow/dags/etl_retail.py", line 19, in <module>
    with DAG(
         ^^^^
  File "/home/airflow/.local/lib/python3.12/site-packages/airflow/models/dag.py", line 617, in __init__
    if start_date and start_date.tzinfo:
                      ^^^^^^^^^^^^^^^^^
AttributeError: 'str' object has no attribute 'tzinfo'
[2025-10-23T04:25:04.523+0000] {processor.py:927} WARNING - No viable dags retrieved from /opt/airflow/dags/etl_retail.py
[2025-10-23T04:25:04.537+0000] {processor.py:208} INFO - Processing /opt/airflow/dags/etl_retail.py took 0.447 seconds
[2025-10-23T04:25:14.632+0000] {processor.py:186} INFO - Started process (PID=579) to work on /opt/airflow/dags/etl_retail.py
[2025-10-23T04:25:14.632+0000] {processor.py:914} INFO - Processing file /opt/airflow/dags/etl_retail.py for tasks to queue
[2025-10-23T04:25:14.634+0000] {logging_mixin.py:190} INFO - [2025-10-23T04:25:14.634+0000] {dagbag.py:588} INFO - Filling up the DagBag from /opt/airflow/dags/etl_retail.py
[2025-10-23T04:25:15.080+0000] {logging_mixin.py:190} INFO - [2025-10-23T04:25:15.077+0000] {dagbag.py:387} ERROR - Failed to import: /opt/airflow/dags/etl_retail.py
Traceback (most recent call last):
  File "/home/airflow/.local/lib/python3.12/site-packages/airflow/models/dagbag.py", line 383, in parse
    loader.exec_module(new_module)
  File "<frozen importlib._bootstrap_external>", line 999, in exec_module
  File "<frozen importlib._bootstrap>", line 488, in _call_with_frames_removed
  File "/opt/airflow/dags/etl_retail.py", line 19, in <module>
    with DAG(
         ^^^^
  File "/home/airflow/.local/lib/python3.12/site-packages/airflow/models/dag.py", line 617, in __init__
    if start_date and start_date.tzinfo:
                      ^^^^^^^^^^^^^^^^^
AttributeError: 'str' object has no attribute 'tzinfo'
[2025-10-23T04:25:15.082+0000] {processor.py:927} WARNING - No viable dags retrieved from /opt/airflow/dags/etl_retail.py
[2025-10-23T04:25:15.102+0000] {processor.py:208} INFO - Processing /opt/airflow/dags/etl_retail.py took 0.476 seconds
[2025-10-23T04:25:25.202+0000] {processor.py:186} INFO - Started process (PID=585) to work on /opt/airflow/dags/etl_retail.py
[2025-10-23T04:25:25.203+0000] {processor.py:914} INFO - Processing file /opt/airflow/dags/etl_retail.py for tasks to queue
[2025-10-23T04:25:25.206+0000] {logging_mixin.py:190} INFO - [2025-10-23T04:25:25.205+0000] {dagbag.py:588} INFO - Filling up the DagBag from /opt/airflow/dags/etl_retail.py
[2025-10-23T04:25:25.607+0000] {logging_mixin.py:190} INFO - [2025-10-23T04:25:25.603+0000] {dagbag.py:387} ERROR - Failed to import: /opt/airflow/dags/etl_retail.py
Traceback (most recent call last):
  File "/home/airflow/.local/lib/python3.12/site-packages/airflow/models/dagbag.py", line 383, in parse
    loader.exec_module(new_module)
  File "<frozen importlib._bootstrap_external>", line 999, in exec_module
  File "<frozen importlib._bootstrap>", line 488, in _call_with_frames_removed
  File "/opt/airflow/dags/etl_retail.py", line 19, in <module>
    with DAG(
         ^^^^
  File "/home/airflow/.local/lib/python3.12/site-packages/airflow/models/dag.py", line 617, in __init__
    if start_date and start_date.tzinfo:
                      ^^^^^^^^^^^^^^^^^
AttributeError: 'str' object has no attribute 'tzinfo'
[2025-10-23T04:25:25.609+0000] {processor.py:927} WARNING - No viable dags retrieved from /opt/airflow/dags/etl_retail.py
[2025-10-23T04:25:25.628+0000] {processor.py:208} INFO - Processing /opt/airflow/dags/etl_retail.py took 0.431 seconds
[2025-10-23T04:25:36.759+0000] {processor.py:186} INFO - Started process (PID=591) to work on /opt/airflow/dags/etl_retail.py
[2025-10-23T04:25:36.760+0000] {processor.py:914} INFO - Processing file /opt/airflow/dags/etl_retail.py for tasks to queue
[2025-10-23T04:25:36.762+0000] {logging_mixin.py:190} INFO - [2025-10-23T04:25:36.762+0000] {dagbag.py:588} INFO - Filling up the DagBag from /opt/airflow/dags/etl_retail.py
[2025-10-23T04:25:37.190+0000] {logging_mixin.py:190} INFO - [2025-10-23T04:25:37.186+0000] {dagbag.py:387} ERROR - Failed to import: /opt/airflow/dags/etl_retail.py
Traceback (most recent call last):
  File "/home/airflow/.local/lib/python3.12/site-packages/airflow/models/dagbag.py", line 383, in parse
    loader.exec_module(new_module)
  File "<frozen importlib._bootstrap_external>", line 999, in exec_module
  File "<frozen importlib._bootstrap>", line 488, in _call_with_frames_removed
  File "/opt/airflow/dags/etl_retail.py", line 19, in <module>
    with DAG(
         ^^^^
  File "/home/airflow/.local/lib/python3.12/site-packages/airflow/models/dag.py", line 617, in __init__
    if start_date and start_date.tzinfo:
                      ^^^^^^^^^^^^^^^^^
AttributeError: 'str' object has no attribute 'tzinfo'
[2025-10-23T04:25:37.191+0000] {processor.py:927} WARNING - No viable dags retrieved from /opt/airflow/dags/etl_retail.py
[2025-10-23T04:25:37.213+0000] {processor.py:208} INFO - Processing /opt/airflow/dags/etl_retail.py took 0.460 seconds
[2025-10-23T04:25:47.294+0000] {processor.py:186} INFO - Started process (PID=597) to work on /opt/airflow/dags/etl_retail.py
[2025-10-23T04:25:47.295+0000] {processor.py:914} INFO - Processing file /opt/airflow/dags/etl_retail.py for tasks to queue
[2025-10-23T04:25:47.297+0000] {logging_mixin.py:190} INFO - [2025-10-23T04:25:47.297+0000] {dagbag.py:588} INFO - Filling up the DagBag from /opt/airflow/dags/etl_retail.py
[2025-10-23T04:25:47.726+0000] {logging_mixin.py:190} INFO - [2025-10-23T04:25:47.723+0000] {dagbag.py:387} ERROR - Failed to import: /opt/airflow/dags/etl_retail.py
Traceback (most recent call last):
  File "/home/airflow/.local/lib/python3.12/site-packages/airflow/models/dagbag.py", line 383, in parse
    loader.exec_module(new_module)
  File "<frozen importlib._bootstrap_external>", line 999, in exec_module
  File "<frozen importlib._bootstrap>", line 488, in _call_with_frames_removed
  File "/opt/airflow/dags/etl_retail.py", line 19, in <module>
    with DAG(
         ^^^^
  File "/home/airflow/.local/lib/python3.12/site-packages/airflow/models/dag.py", line 617, in __init__
    if start_date and start_date.tzinfo:
                      ^^^^^^^^^^^^^^^^^
AttributeError: 'str' object has no attribute 'tzinfo'
[2025-10-23T04:25:47.728+0000] {processor.py:927} WARNING - No viable dags retrieved from /opt/airflow/dags/etl_retail.py
[2025-10-23T04:25:47.740+0000] {processor.py:208} INFO - Processing /opt/airflow/dags/etl_retail.py took 0.451 seconds
[2025-10-23T04:25:57.836+0000] {processor.py:186} INFO - Started process (PID=603) to work on /opt/airflow/dags/etl_retail.py
[2025-10-23T04:25:57.837+0000] {processor.py:914} INFO - Processing file /opt/airflow/dags/etl_retail.py for tasks to queue
[2025-10-23T04:25:57.839+0000] {logging_mixin.py:190} INFO - [2025-10-23T04:25:57.838+0000] {dagbag.py:588} INFO - Filling up the DagBag from /opt/airflow/dags/etl_retail.py
[2025-10-23T04:25:58.322+0000] {logging_mixin.py:190} INFO - [2025-10-23T04:25:58.318+0000] {dagbag.py:387} ERROR - Failed to import: /opt/airflow/dags/etl_retail.py
Traceback (most recent call last):
  File "/home/airflow/.local/lib/python3.12/site-packages/airflow/models/dagbag.py", line 383, in parse
    loader.exec_module(new_module)
  File "<frozen importlib._bootstrap_external>", line 999, in exec_module
  File "<frozen importlib._bootstrap>", line 488, in _call_with_frames_removed
  File "/opt/airflow/dags/etl_retail.py", line 19, in <module>
    with DAG(
         ^^^^
  File "/home/airflow/.local/lib/python3.12/site-packages/airflow/models/dag.py", line 617, in __init__
    if start_date and start_date.tzinfo:
                      ^^^^^^^^^^^^^^^^^
AttributeError: 'str' object has no attribute 'tzinfo'
[2025-10-23T04:25:58.324+0000] {processor.py:927} WARNING - No viable dags retrieved from /opt/airflow/dags/etl_retail.py
[2025-10-23T04:25:58.337+0000] {processor.py:208} INFO - Processing /opt/airflow/dags/etl_retail.py took 0.508 seconds
[2025-10-23T04:26:08.861+0000] {processor.py:186} INFO - Started process (PID=609) to work on /opt/airflow/dags/etl_retail.py
[2025-10-23T04:26:08.861+0000] {processor.py:914} INFO - Processing file /opt/airflow/dags/etl_retail.py for tasks to queue
[2025-10-23T04:26:08.864+0000] {logging_mixin.py:190} INFO - [2025-10-23T04:26:08.864+0000] {dagbag.py:588} INFO - Filling up the DagBag from /opt/airflow/dags/etl_retail.py
[2025-10-23T04:26:09.286+0000] {logging_mixin.py:190} INFO - [2025-10-23T04:26:09.282+0000] {dagbag.py:387} ERROR - Failed to import: /opt/airflow/dags/etl_retail.py
Traceback (most recent call last):
  File "/home/airflow/.local/lib/python3.12/site-packages/airflow/models/dagbag.py", line 383, in parse
    loader.exec_module(new_module)
  File "<frozen importlib._bootstrap_external>", line 999, in exec_module
  File "<frozen importlib._bootstrap>", line 488, in _call_with_frames_removed
  File "/opt/airflow/dags/etl_retail.py", line 19, in <module>
    with DAG(
         ^^^^
  File "/home/airflow/.local/lib/python3.12/site-packages/airflow/models/dag.py", line 617, in __init__
    if start_date and start_date.tzinfo:
                      ^^^^^^^^^^^^^^^^^
AttributeError: 'str' object has no attribute 'tzinfo'
[2025-10-23T04:26:09.287+0000] {processor.py:927} WARNING - No viable dags retrieved from /opt/airflow/dags/etl_retail.py
[2025-10-23T04:26:09.300+0000] {processor.py:208} INFO - Processing /opt/airflow/dags/etl_retail.py took 0.445 seconds
[2025-10-23T04:26:19.402+0000] {processor.py:186} INFO - Started process (PID=615) to work on /opt/airflow/dags/etl_retail.py
[2025-10-23T04:26:19.403+0000] {processor.py:914} INFO - Processing file /opt/airflow/dags/etl_retail.py for tasks to queue
[2025-10-23T04:26:19.406+0000] {logging_mixin.py:190} INFO - [2025-10-23T04:26:19.405+0000] {dagbag.py:588} INFO - Filling up the DagBag from /opt/airflow/dags/etl_retail.py
[2025-10-23T04:26:19.851+0000] {logging_mixin.py:190} INFO - [2025-10-23T04:26:19.847+0000] {dagbag.py:387} ERROR - Failed to import: /opt/airflow/dags/etl_retail.py
Traceback (most recent call last):
  File "/home/airflow/.local/lib/python3.12/site-packages/airflow/models/dagbag.py", line 383, in parse
    loader.exec_module(new_module)
  File "<frozen importlib._bootstrap_external>", line 999, in exec_module
  File "<frozen importlib._bootstrap>", line 488, in _call_with_frames_removed
  File "/opt/airflow/dags/etl_retail.py", line 19, in <module>
    with DAG(
         ^^^^
  File "/home/airflow/.local/lib/python3.12/site-packages/airflow/models/dag.py", line 617, in __init__
    if start_date and start_date.tzinfo:
                      ^^^^^^^^^^^^^^^^^
AttributeError: 'str' object has no attribute 'tzinfo'
[2025-10-23T04:26:19.853+0000] {processor.py:927} WARNING - No viable dags retrieved from /opt/airflow/dags/etl_retail.py
[2025-10-23T04:26:19.866+0000] {processor.py:208} INFO - Processing /opt/airflow/dags/etl_retail.py took 0.472 seconds
[2025-10-23T04:26:29.960+0000] {processor.py:186} INFO - Started process (PID=621) to work on /opt/airflow/dags/etl_retail.py
[2025-10-23T04:26:29.961+0000] {processor.py:914} INFO - Processing file /opt/airflow/dags/etl_retail.py for tasks to queue
[2025-10-23T04:26:29.963+0000] {logging_mixin.py:190} INFO - [2025-10-23T04:26:29.963+0000] {dagbag.py:588} INFO - Filling up the DagBag from /opt/airflow/dags/etl_retail.py
[2025-10-23T04:26:30.385+0000] {logging_mixin.py:190} INFO - [2025-10-23T04:26:30.380+0000] {dagbag.py:387} ERROR - Failed to import: /opt/airflow/dags/etl_retail.py
Traceback (most recent call last):
  File "/home/airflow/.local/lib/python3.12/site-packages/airflow/models/dagbag.py", line 383, in parse
    loader.exec_module(new_module)
  File "<frozen importlib._bootstrap_external>", line 999, in exec_module
  File "<frozen importlib._bootstrap>", line 488, in _call_with_frames_removed
  File "/opt/airflow/dags/etl_retail.py", line 19, in <module>
    with DAG(
         ^^^^
  File "/home/airflow/.local/lib/python3.12/site-packages/airflow/models/dag.py", line 617, in __init__
    if start_date and start_date.tzinfo:
                      ^^^^^^^^^^^^^^^^^
AttributeError: 'str' object has no attribute 'tzinfo'
[2025-10-23T04:26:30.386+0000] {processor.py:927} WARNING - No viable dags retrieved from /opt/airflow/dags/etl_retail.py
[2025-10-23T04:26:30.399+0000] {processor.py:208} INFO - Processing /opt/airflow/dags/etl_retail.py took 0.444 seconds
[2025-10-23T04:26:41.553+0000] {processor.py:186} INFO - Started process (PID=627) to work on /opt/airflow/dags/etl_retail.py
[2025-10-23T04:26:41.553+0000] {processor.py:914} INFO - Processing file /opt/airflow/dags/etl_retail.py for tasks to queue
[2025-10-23T04:26:41.556+0000] {logging_mixin.py:190} INFO - [2025-10-23T04:26:41.556+0000] {dagbag.py:588} INFO - Filling up the DagBag from /opt/airflow/dags/etl_retail.py
[2025-10-23T04:26:41.970+0000] {logging_mixin.py:190} INFO - [2025-10-23T04:26:41.966+0000] {dagbag.py:387} ERROR - Failed to import: /opt/airflow/dags/etl_retail.py
Traceback (most recent call last):
  File "/home/airflow/.local/lib/python3.12/site-packages/airflow/models/dagbag.py", line 383, in parse
    loader.exec_module(new_module)
  File "<frozen importlib._bootstrap_external>", line 999, in exec_module
  File "<frozen importlib._bootstrap>", line 488, in _call_with_frames_removed
  File "/opt/airflow/dags/etl_retail.py", line 19, in <module>
    with DAG(
         ^^^^
  File "/home/airflow/.local/lib/python3.12/site-packages/airflow/models/dag.py", line 617, in __init__
    if start_date and start_date.tzinfo:
                      ^^^^^^^^^^^^^^^^^
AttributeError: 'str' object has no attribute 'tzinfo'
[2025-10-23T04:26:41.972+0000] {processor.py:927} WARNING - No viable dags retrieved from /opt/airflow/dags/etl_retail.py
[2025-10-23T04:26:41.985+0000] {processor.py:208} INFO - Processing /opt/airflow/dags/etl_retail.py took 0.438 seconds
[2025-10-23T04:26:52.075+0000] {processor.py:186} INFO - Started process (PID=633) to work on /opt/airflow/dags/etl_retail.py
[2025-10-23T04:26:52.076+0000] {processor.py:914} INFO - Processing file /opt/airflow/dags/etl_retail.py for tasks to queue
[2025-10-23T04:26:52.078+0000] {logging_mixin.py:190} INFO - [2025-10-23T04:26:52.078+0000] {dagbag.py:588} INFO - Filling up the DagBag from /opt/airflow/dags/etl_retail.py
[2025-10-23T04:26:52.503+0000] {logging_mixin.py:190} INFO - [2025-10-23T04:26:52.498+0000] {dagbag.py:387} ERROR - Failed to import: /opt/airflow/dags/etl_retail.py
Traceback (most recent call last):
  File "/home/airflow/.local/lib/python3.12/site-packages/airflow/models/dagbag.py", line 383, in parse
    loader.exec_module(new_module)
  File "<frozen importlib._bootstrap_external>", line 999, in exec_module
  File "<frozen importlib._bootstrap>", line 488, in _call_with_frames_removed
  File "/opt/airflow/dags/etl_retail.py", line 19, in <module>
    with DAG(
         ^^^^
  File "/home/airflow/.local/lib/python3.12/site-packages/airflow/models/dag.py", line 617, in __init__
    if start_date and start_date.tzinfo:
                      ^^^^^^^^^^^^^^^^^
AttributeError: 'str' object has no attribute 'tzinfo'
[2025-10-23T04:26:52.506+0000] {processor.py:927} WARNING - No viable dags retrieved from /opt/airflow/dags/etl_retail.py
[2025-10-23T04:26:52.526+0000] {processor.py:208} INFO - Processing /opt/airflow/dags/etl_retail.py took 0.457 seconds
[2025-10-23T06:44:07.412+0000] {processor.py:186} INFO - Started process (PID=170) to work on /opt/airflow/dags/etl_retail.py
[2025-10-23T06:44:07.413+0000] {processor.py:914} INFO - Processing file /opt/airflow/dags/etl_retail.py for tasks to queue
[2025-10-23T06:44:07.415+0000] {logging_mixin.py:190} INFO - [2025-10-23T06:44:07.415+0000] {dagbag.py:588} INFO - Filling up the DagBag from /opt/airflow/dags/etl_retail.py
[2025-10-23T06:44:09.229+0000] {logging_mixin.py:190} INFO - [2025-10-23T06:44:09.223+0000] {dagbag.py:387} ERROR - Failed to import: /opt/airflow/dags/etl_retail.py
Traceback (most recent call last):
  File "/home/airflow/.local/lib/python3.12/site-packages/airflow/models/dagbag.py", line 383, in parse
    loader.exec_module(new_module)
  File "<frozen importlib._bootstrap_external>", line 999, in exec_module
  File "<frozen importlib._bootstrap>", line 488, in _call_with_frames_removed
  File "/opt/airflow/dags/etl_retail.py", line 20, in <module>
    with DAG(
         ^^^^
  File "/home/airflow/.local/lib/python3.12/site-packages/airflow/models/dag.py", line 617, in __init__
    if start_date and start_date.tzinfo:
                      ^^^^^^^^^^^^^^^^^
AttributeError: 'str' object has no attribute 'tzinfo'
[2025-10-23T06:44:09.232+0000] {processor.py:927} WARNING - No viable dags retrieved from /opt/airflow/dags/etl_retail.py
[2025-10-23T06:44:09.260+0000] {processor.py:208} INFO - Processing /opt/airflow/dags/etl_retail.py took 1.856 seconds
[2025-10-23T06:44:19.377+0000] {processor.py:186} INFO - Started process (PID=176) to work on /opt/airflow/dags/etl_retail.py
[2025-10-23T06:44:19.378+0000] {processor.py:914} INFO - Processing file /opt/airflow/dags/etl_retail.py for tasks to queue
[2025-10-23T06:44:19.381+0000] {logging_mixin.py:190} INFO - [2025-10-23T06:44:19.380+0000] {dagbag.py:588} INFO - Filling up the DagBag from /opt/airflow/dags/etl_retail.py
[2025-10-23T06:44:19.958+0000] {logging_mixin.py:190} INFO - [2025-10-23T06:44:19.954+0000] {dagbag.py:387} ERROR - Failed to import: /opt/airflow/dags/etl_retail.py
Traceback (most recent call last):
  File "/home/airflow/.local/lib/python3.12/site-packages/airflow/models/dagbag.py", line 383, in parse
    loader.exec_module(new_module)
  File "<frozen importlib._bootstrap_external>", line 999, in exec_module
  File "<frozen importlib._bootstrap>", line 488, in _call_with_frames_removed
  File "/opt/airflow/dags/etl_retail.py", line 20, in <module>
    with DAG(
         ^^^^
  File "/home/airflow/.local/lib/python3.12/site-packages/airflow/models/dag.py", line 617, in __init__
    if start_date and start_date.tzinfo:
                      ^^^^^^^^^^^^^^^^^
AttributeError: 'str' object has no attribute 'tzinfo'
[2025-10-23T06:44:19.959+0000] {processor.py:927} WARNING - No viable dags retrieved from /opt/airflow/dags/etl_retail.py
[2025-10-23T06:44:19.973+0000] {processor.py:208} INFO - Processing /opt/airflow/dags/etl_retail.py took 0.603 seconds
[2025-10-23T06:44:30.079+0000] {processor.py:186} INFO - Started process (PID=182) to work on /opt/airflow/dags/etl_retail.py
[2025-10-23T06:44:30.081+0000] {processor.py:914} INFO - Processing file /opt/airflow/dags/etl_retail.py for tasks to queue
[2025-10-23T06:44:30.084+0000] {logging_mixin.py:190} INFO - [2025-10-23T06:44:30.083+0000] {dagbag.py:588} INFO - Filling up the DagBag from /opt/airflow/dags/etl_retail.py
[2025-10-23T06:44:30.542+0000] {logging_mixin.py:190} INFO - [2025-10-23T06:44:30.538+0000] {dagbag.py:387} ERROR - Failed to import: /opt/airflow/dags/etl_retail.py
Traceback (most recent call last):
  File "/home/airflow/.local/lib/python3.12/site-packages/airflow/models/dagbag.py", line 383, in parse
    loader.exec_module(new_module)
  File "<frozen importlib._bootstrap_external>", line 999, in exec_module
  File "<frozen importlib._bootstrap>", line 488, in _call_with_frames_removed
  File "/opt/airflow/dags/etl_retail.py", line 20, in <module>
    with DAG(
         ^^^^
  File "/home/airflow/.local/lib/python3.12/site-packages/airflow/models/dag.py", line 617, in __init__
    if start_date and start_date.tzinfo:
                      ^^^^^^^^^^^^^^^^^
AttributeError: 'str' object has no attribute 'tzinfo'
[2025-10-23T06:44:30.544+0000] {processor.py:927} WARNING - No viable dags retrieved from /opt/airflow/dags/etl_retail.py
[2025-10-23T06:44:30.568+0000] {processor.py:208} INFO - Processing /opt/airflow/dags/etl_retail.py took 0.497 seconds
[2025-10-23T06:44:41.239+0000] {processor.py:186} INFO - Started process (PID=188) to work on /opt/airflow/dags/etl_retail.py
[2025-10-23T06:44:41.241+0000] {processor.py:914} INFO - Processing file /opt/airflow/dags/etl_retail.py for tasks to queue
[2025-10-23T06:44:41.245+0000] {logging_mixin.py:190} INFO - [2025-10-23T06:44:41.245+0000] {dagbag.py:588} INFO - Filling up the DagBag from /opt/airflow/dags/etl_retail.py
[2025-10-23T06:44:41.691+0000] {logging_mixin.py:190} INFO - [2025-10-23T06:44:41.687+0000] {dagbag.py:387} ERROR - Failed to import: /opt/airflow/dags/etl_retail.py
Traceback (most recent call last):
  File "/home/airflow/.local/lib/python3.12/site-packages/airflow/models/dagbag.py", line 383, in parse
    loader.exec_module(new_module)
  File "<frozen importlib._bootstrap_external>", line 999, in exec_module
  File "<frozen importlib._bootstrap>", line 488, in _call_with_frames_removed
  File "/opt/airflow/dags/etl_retail.py", line 20, in <module>
    with DAG(
         ^^^^
  File "/home/airflow/.local/lib/python3.12/site-packages/airflow/models/dag.py", line 617, in __init__
    if start_date and start_date.tzinfo:
                      ^^^^^^^^^^^^^^^^^
AttributeError: 'str' object has no attribute 'tzinfo'
[2025-10-23T06:44:41.693+0000] {processor.py:927} WARNING - No viable dags retrieved from /opt/airflow/dags/etl_retail.py
[2025-10-23T06:44:41.708+0000] {processor.py:208} INFO - Processing /opt/airflow/dags/etl_retail.py took 0.476 seconds
[2025-10-23T06:44:51.811+0000] {processor.py:186} INFO - Started process (PID=194) to work on /opt/airflow/dags/etl_retail.py
[2025-10-23T06:44:51.812+0000] {processor.py:914} INFO - Processing file /opt/airflow/dags/etl_retail.py for tasks to queue
[2025-10-23T06:44:51.816+0000] {logging_mixin.py:190} INFO - [2025-10-23T06:44:51.816+0000] {dagbag.py:588} INFO - Filling up the DagBag from /opt/airflow/dags/etl_retail.py
[2025-10-23T06:44:52.298+0000] {logging_mixin.py:190} INFO - [2025-10-23T06:44:52.293+0000] {dagbag.py:387} ERROR - Failed to import: /opt/airflow/dags/etl_retail.py
Traceback (most recent call last):
  File "/home/airflow/.local/lib/python3.12/site-packages/airflow/models/dagbag.py", line 383, in parse
    loader.exec_module(new_module)
  File "<frozen importlib._bootstrap_external>", line 999, in exec_module
  File "<frozen importlib._bootstrap>", line 488, in _call_with_frames_removed
  File "/opt/airflow/dags/etl_retail.py", line 20, in <module>
    with DAG(
         ^^^^
  File "/home/airflow/.local/lib/python3.12/site-packages/airflow/models/dag.py", line 617, in __init__
    if start_date and start_date.tzinfo:
                      ^^^^^^^^^^^^^^^^^
AttributeError: 'str' object has no attribute 'tzinfo'
[2025-10-23T06:44:52.299+0000] {processor.py:927} WARNING - No viable dags retrieved from /opt/airflow/dags/etl_retail.py
[2025-10-23T06:44:52.314+0000] {processor.py:208} INFO - Processing /opt/airflow/dags/etl_retail.py took 0.512 seconds
[2025-10-23T06:45:02.392+0000] {processor.py:186} INFO - Started process (PID=200) to work on /opt/airflow/dags/etl_retail.py
[2025-10-23T06:45:02.394+0000] {processor.py:914} INFO - Processing file /opt/airflow/dags/etl_retail.py for tasks to queue
[2025-10-23T06:45:02.397+0000] {logging_mixin.py:190} INFO - [2025-10-23T06:45:02.397+0000] {dagbag.py:588} INFO - Filling up the DagBag from /opt/airflow/dags/etl_retail.py
[2025-10-23T06:45:02.874+0000] {logging_mixin.py:190} INFO - [2025-10-23T06:45:02.870+0000] {dagbag.py:387} ERROR - Failed to import: /opt/airflow/dags/etl_retail.py
Traceback (most recent call last):
  File "/home/airflow/.local/lib/python3.12/site-packages/airflow/models/dagbag.py", line 383, in parse
    loader.exec_module(new_module)
  File "<frozen importlib._bootstrap_external>", line 999, in exec_module
  File "<frozen importlib._bootstrap>", line 488, in _call_with_frames_removed
  File "/opt/airflow/dags/etl_retail.py", line 20, in <module>
    with DAG(
         ^^^^
  File "/home/airflow/.local/lib/python3.12/site-packages/airflow/models/dag.py", line 617, in __init__
    if start_date and start_date.tzinfo:
                      ^^^^^^^^^^^^^^^^^
AttributeError: 'str' object has no attribute 'tzinfo'
[2025-10-23T06:45:02.876+0000] {processor.py:927} WARNING - No viable dags retrieved from /opt/airflow/dags/etl_retail.py
[2025-10-23T06:45:02.887+0000] {processor.py:208} INFO - Processing /opt/airflow/dags/etl_retail.py took 0.502 seconds
[2025-10-23T06:45:13.194+0000] {processor.py:186} INFO - Started process (PID=206) to work on /opt/airflow/dags/etl_retail.py
[2025-10-23T06:45:13.195+0000] {processor.py:914} INFO - Processing file /opt/airflow/dags/etl_retail.py for tasks to queue
[2025-10-23T06:45:13.197+0000] {logging_mixin.py:190} INFO - [2025-10-23T06:45:13.197+0000] {dagbag.py:588} INFO - Filling up the DagBag from /opt/airflow/dags/etl_retail.py
[2025-10-23T06:45:13.759+0000] {logging_mixin.py:190} INFO - [2025-10-23T06:45:13.755+0000] {dagbag.py:387} ERROR - Failed to import: /opt/airflow/dags/etl_retail.py
Traceback (most recent call last):
  File "/home/airflow/.local/lib/python3.12/site-packages/airflow/models/dagbag.py", line 383, in parse
    loader.exec_module(new_module)
  File "<frozen importlib._bootstrap_external>", line 999, in exec_module
  File "<frozen importlib._bootstrap>", line 488, in _call_with_frames_removed
  File "/opt/airflow/dags/etl_retail.py", line 20, in <module>
    with DAG(
         ^^^^
  File "/home/airflow/.local/lib/python3.12/site-packages/airflow/models/dag.py", line 617, in __init__
    if start_date and start_date.tzinfo:
                      ^^^^^^^^^^^^^^^^^
AttributeError: 'str' object has no attribute 'tzinfo'
[2025-10-23T06:45:13.761+0000] {processor.py:927} WARNING - No viable dags retrieved from /opt/airflow/dags/etl_retail.py
[2025-10-23T06:45:13.777+0000] {processor.py:208} INFO - Processing /opt/airflow/dags/etl_retail.py took 0.588 seconds
[2025-10-23T06:45:23.870+0000] {processor.py:186} INFO - Started process (PID=212) to work on /opt/airflow/dags/etl_retail.py
[2025-10-23T06:45:23.871+0000] {processor.py:914} INFO - Processing file /opt/airflow/dags/etl_retail.py for tasks to queue
[2025-10-23T06:45:23.875+0000] {logging_mixin.py:190} INFO - [2025-10-23T06:45:23.875+0000] {dagbag.py:588} INFO - Filling up the DagBag from /opt/airflow/dags/etl_retail.py
[2025-10-23T06:45:24.573+0000] {logging_mixin.py:190} INFO - [2025-10-23T06:45:24.565+0000] {dagbag.py:387} ERROR - Failed to import: /opt/airflow/dags/etl_retail.py
Traceback (most recent call last):
  File "/home/airflow/.local/lib/python3.12/site-packages/airflow/models/dagbag.py", line 383, in parse
    loader.exec_module(new_module)
  File "<frozen importlib._bootstrap_external>", line 999, in exec_module
  File "<frozen importlib._bootstrap>", line 488, in _call_with_frames_removed
  File "/opt/airflow/dags/etl_retail.py", line 20, in <module>
    with DAG(
         ^^^^
  File "/home/airflow/.local/lib/python3.12/site-packages/airflow/models/dag.py", line 617, in __init__
    if start_date and start_date.tzinfo:
                      ^^^^^^^^^^^^^^^^^
AttributeError: 'str' object has no attribute 'tzinfo'
[2025-10-23T06:45:24.575+0000] {processor.py:927} WARNING - No viable dags retrieved from /opt/airflow/dags/etl_retail.py
[2025-10-23T06:45:24.595+0000] {processor.py:208} INFO - Processing /opt/airflow/dags/etl_retail.py took 0.732 seconds
[2025-10-23T06:45:35.023+0000] {processor.py:186} INFO - Started process (PID=218) to work on /opt/airflow/dags/etl_retail.py
[2025-10-23T06:45:35.027+0000] {processor.py:914} INFO - Processing file /opt/airflow/dags/etl_retail.py for tasks to queue
[2025-10-23T06:45:35.038+0000] {logging_mixin.py:190} INFO - [2025-10-23T06:45:35.037+0000] {dagbag.py:588} INFO - Filling up the DagBag from /opt/airflow/dags/etl_retail.py
[2025-10-23T06:45:36.668+0000] {logging_mixin.py:190} INFO - [2025-10-23T06:45:36.662+0000] {dagbag.py:387} ERROR - Failed to import: /opt/airflow/dags/etl_retail.py
Traceback (most recent call last):
  File "/home/airflow/.local/lib/python3.12/site-packages/airflow/models/dagbag.py", line 383, in parse
    loader.exec_module(new_module)
  File "<frozen importlib._bootstrap_external>", line 999, in exec_module
  File "<frozen importlib._bootstrap>", line 488, in _call_with_frames_removed
  File "/opt/airflow/dags/etl_retail.py", line 20, in <module>
    with DAG(
         ^^^^
  File "/home/airflow/.local/lib/python3.12/site-packages/airflow/models/dag.py", line 617, in __init__
    if start_date and start_date.tzinfo:
                      ^^^^^^^^^^^^^^^^^
AttributeError: 'str' object has no attribute 'tzinfo'
[2025-10-23T06:45:36.670+0000] {processor.py:927} WARNING - No viable dags retrieved from /opt/airflow/dags/etl_retail.py
[2025-10-23T06:45:36.689+0000] {processor.py:208} INFO - Processing /opt/airflow/dags/etl_retail.py took 1.685 seconds
[2025-10-23T06:45:42.745+0000] {processor.py:186} INFO - Started process (PID=224) to work on /opt/airflow/dags/etl_retail.py
[2025-10-23T06:45:42.747+0000] {processor.py:914} INFO - Processing file /opt/airflow/dags/etl_retail.py for tasks to queue
[2025-10-23T06:45:42.761+0000] {logging_mixin.py:190} INFO - [2025-10-23T06:45:42.760+0000] {dagbag.py:588} INFO - Filling up the DagBag from /opt/airflow/dags/etl_retail.py
[2025-10-23T06:45:44.082+0000] {logging_mixin.py:190} INFO - [2025-10-23T06:45:44.075+0000] {dagbag.py:387} ERROR - Failed to import: /opt/airflow/dags/etl_retail.py
Traceback (most recent call last):
  File "/home/airflow/.local/lib/python3.12/site-packages/airflow/models/dagbag.py", line 383, in parse
    loader.exec_module(new_module)
  File "<frozen importlib._bootstrap_external>", line 999, in exec_module
  File "<frozen importlib._bootstrap>", line 488, in _call_with_frames_removed
  File "/opt/airflow/dags/etl_retail.py", line 23, in <module>
    start_date=datetime(2025, 9, 27),
               ^^^^^^^^
NameError: name 'datetime' is not defined. Did you forget to import 'datetime'
[2025-10-23T06:45:44.085+0000] {processor.py:927} WARNING - No viable dags retrieved from /opt/airflow/dags/etl_retail.py
[2025-10-23T06:45:44.116+0000] {processor.py:208} INFO - Processing /opt/airflow/dags/etl_retail.py took 1.402 seconds
[2025-10-23T06:45:45.909+0000] {processor.py:186} INFO - Started process (PID=230) to work on /opt/airflow/dags/etl_retail.py
[2025-10-23T06:45:45.911+0000] {processor.py:914} INFO - Processing file /opt/airflow/dags/etl_retail.py for tasks to queue
[2025-10-23T06:45:45.915+0000] {logging_mixin.py:190} INFO - [2025-10-23T06:45:45.914+0000] {dagbag.py:588} INFO - Filling up the DagBag from /opt/airflow/dags/etl_retail.py
[2025-10-23T06:45:46.566+0000] {logging_mixin.py:190} INFO - [2025-10-23T06:45:46.561+0000] {dagbag.py:387} ERROR - Failed to import: /opt/airflow/dags/etl_retail.py
Traceback (most recent call last):
  File "/home/airflow/.local/lib/python3.12/site-packages/airflow/models/dagbag.py", line 383, in parse
    loader.exec_module(new_module)
  File "<frozen importlib._bootstrap_external>", line 999, in exec_module
  File "<frozen importlib._bootstrap>", line 488, in _call_with_frames_removed
  File "/opt/airflow/dags/etl_retail.py", line 23, in <module>
    start_date=datetime(2025, 10),
               ^^^^^^^^
NameError: name 'datetime' is not defined. Did you forget to import 'datetime'
[2025-10-23T06:45:46.569+0000] {processor.py:927} WARNING - No viable dags retrieved from /opt/airflow/dags/etl_retail.py
[2025-10-23T06:45:46.585+0000] {processor.py:208} INFO - Processing /opt/airflow/dags/etl_retail.py took 0.686 seconds
[2025-10-23T06:45:51.669+0000] {processor.py:186} INFO - Started process (PID=236) to work on /opt/airflow/dags/etl_retail.py
[2025-10-23T06:45:51.670+0000] {processor.py:914} INFO - Processing file /opt/airflow/dags/etl_retail.py for tasks to queue
[2025-10-23T06:45:51.672+0000] {logging_mixin.py:190} INFO - [2025-10-23T06:45:51.672+0000] {dagbag.py:588} INFO - Filling up the DagBag from /opt/airflow/dags/etl_retail.py
[2025-10-23T06:45:52.163+0000] {logging_mixin.py:190} INFO - [2025-10-23T06:45:52.158+0000] {dagbag.py:387} ERROR - Failed to import: /opt/airflow/dags/etl_retail.py
Traceback (most recent call last):
  File "/home/airflow/.local/lib/python3.12/site-packages/airflow/models/dagbag.py", line 383, in parse
    loader.exec_module(new_module)
  File "<frozen importlib._bootstrap_external>", line 999, in exec_module
  File "<frozen importlib._bootstrap>", line 488, in _call_with_frames_removed
  File "/opt/airflow/dags/etl_retail.py", line 47, in <module>
    tables = transform(df_raw)
             ^^^^^^^^^^^^^^^^^
  File "/home/airflow/.local/lib/python3.12/site-packages/airflow/decorators/base.py", line 373, in __call__
    op = self.operator_class(
         ^^^^^^^^^^^^^^^^^^^^
  File "/home/airflow/.local/lib/python3.12/site-packages/airflow/models/baseoperator.py", line 516, in apply_defaults
    self.set_xcomargs_dependencies()
  File "/home/airflow/.local/lib/python3.12/site-packages/airflow/models/baseoperator.py", line 1349, in set_xcomargs_dependencies
    XComArg.apply_upstream_relationship(self, arg)
  File "/home/airflow/.local/lib/python3.12/site-packages/airflow/models/xcom_arg.py", line 134, in apply_upstream_relationship
    op.set_upstream(operator)
  File "/home/airflow/.local/lib/python3.12/site-packages/airflow/models/taskmixin.py", line 271, in set_upstream
    self._set_relatives(task_or_task_list, upstream=True, edge_modifier=edge_modifier)
  File "/home/airflow/.local/lib/python3.12/site-packages/airflow/models/taskmixin.py", line 233, in _set_relatives
    raise AirflowException(
airflow.exceptions.AirflowException: Tried to create relationships between tasks that don't have DAGs yet. Set the DAG for at least one task and try again: [<Task(_PythonDecoratedOperator): transform>, <Task(_PythonDecoratedOperator): extract>]
[2025-10-23T06:45:52.163+0000] {processor.py:927} WARNING - No viable dags retrieved from /opt/airflow/dags/etl_retail.py
[2025-10-23T06:45:52.182+0000] {processor.py:208} INFO - Processing /opt/airflow/dags/etl_retail.py took 0.519 seconds
[2025-10-23T06:46:02.276+0000] {processor.py:186} INFO - Started process (PID=242) to work on /opt/airflow/dags/etl_retail.py
[2025-10-23T06:46:02.277+0000] {processor.py:914} INFO - Processing file /opt/airflow/dags/etl_retail.py for tasks to queue
[2025-10-23T06:46:02.279+0000] {logging_mixin.py:190} INFO - [2025-10-23T06:46:02.279+0000] {dagbag.py:588} INFO - Filling up the DagBag from /opt/airflow/dags/etl_retail.py
[2025-10-23T06:46:02.712+0000] {logging_mixin.py:190} INFO - [2025-10-23T06:46:02.708+0000] {dagbag.py:387} ERROR - Failed to import: /opt/airflow/dags/etl_retail.py
Traceback (most recent call last):
  File "/home/airflow/.local/lib/python3.12/site-packages/airflow/models/dagbag.py", line 383, in parse
    loader.exec_module(new_module)
  File "<frozen importlib._bootstrap_external>", line 999, in exec_module
  File "<frozen importlib._bootstrap>", line 488, in _call_with_frames_removed
  File "/opt/airflow/dags/etl_retail.py", line 47, in <module>
    tables = transform(df_raw)
             ^^^^^^^^^^^^^^^^^
  File "/home/airflow/.local/lib/python3.12/site-packages/airflow/decorators/base.py", line 373, in __call__
    op = self.operator_class(
         ^^^^^^^^^^^^^^^^^^^^
  File "/home/airflow/.local/lib/python3.12/site-packages/airflow/models/baseoperator.py", line 516, in apply_defaults
    self.set_xcomargs_dependencies()
  File "/home/airflow/.local/lib/python3.12/site-packages/airflow/models/baseoperator.py", line 1349, in set_xcomargs_dependencies
    XComArg.apply_upstream_relationship(self, arg)
  File "/home/airflow/.local/lib/python3.12/site-packages/airflow/models/xcom_arg.py", line 134, in apply_upstream_relationship
    op.set_upstream(operator)
  File "/home/airflow/.local/lib/python3.12/site-packages/airflow/models/taskmixin.py", line 271, in set_upstream
    self._set_relatives(task_or_task_list, upstream=True, edge_modifier=edge_modifier)
  File "/home/airflow/.local/lib/python3.12/site-packages/airflow/models/taskmixin.py", line 233, in _set_relatives
    raise AirflowException(
airflow.exceptions.AirflowException: Tried to create relationships between tasks that don't have DAGs yet. Set the DAG for at least one task and try again: [<Task(_PythonDecoratedOperator): transform>, <Task(_PythonDecoratedOperator): extract>]
[2025-10-23T06:46:02.712+0000] {processor.py:927} WARNING - No viable dags retrieved from /opt/airflow/dags/etl_retail.py
[2025-10-23T06:46:02.725+0000] {processor.py:208} INFO - Processing /opt/airflow/dags/etl_retail.py took 0.454 seconds
[2025-10-23T06:46:13.717+0000] {processor.py:186} INFO - Started process (PID=248) to work on /opt/airflow/dags/etl_retail.py
[2025-10-23T06:46:13.718+0000] {processor.py:914} INFO - Processing file /opt/airflow/dags/etl_retail.py for tasks to queue
[2025-10-23T06:46:13.722+0000] {logging_mixin.py:190} INFO - [2025-10-23T06:46:13.721+0000] {dagbag.py:588} INFO - Filling up the DagBag from /opt/airflow/dags/etl_retail.py
[2025-10-23T06:46:14.150+0000] {logging_mixin.py:190} INFO - [2025-10-23T06:46:14.146+0000] {dagbag.py:387} ERROR - Failed to import: /opt/airflow/dags/etl_retail.py
Traceback (most recent call last):
  File "/home/airflow/.local/lib/python3.12/site-packages/airflow/models/dagbag.py", line 383, in parse
    loader.exec_module(new_module)
  File "<frozen importlib._bootstrap_external>", line 999, in exec_module
  File "<frozen importlib._bootstrap>", line 488, in _call_with_frames_removed
  File "/opt/airflow/dags/etl_retail.py", line 47, in <module>
    tables = transform(df_raw)
             ^^^^^^^^^^^^^^^^^
  File "/home/airflow/.local/lib/python3.12/site-packages/airflow/decorators/base.py", line 373, in __call__
    op = self.operator_class(
         ^^^^^^^^^^^^^^^^^^^^
  File "/home/airflow/.local/lib/python3.12/site-packages/airflow/models/baseoperator.py", line 516, in apply_defaults
    self.set_xcomargs_dependencies()
  File "/home/airflow/.local/lib/python3.12/site-packages/airflow/models/baseoperator.py", line 1349, in set_xcomargs_dependencies
    XComArg.apply_upstream_relationship(self, arg)
  File "/home/airflow/.local/lib/python3.12/site-packages/airflow/models/xcom_arg.py", line 134, in apply_upstream_relationship
    op.set_upstream(operator)
  File "/home/airflow/.local/lib/python3.12/site-packages/airflow/models/taskmixin.py", line 271, in set_upstream
    self._set_relatives(task_or_task_list, upstream=True, edge_modifier=edge_modifier)
  File "/home/airflow/.local/lib/python3.12/site-packages/airflow/models/taskmixin.py", line 233, in _set_relatives
    raise AirflowException(
airflow.exceptions.AirflowException: Tried to create relationships between tasks that don't have DAGs yet. Set the DAG for at least one task and try again: [<Task(_PythonDecoratedOperator): transform>, <Task(_PythonDecoratedOperator): extract>]
[2025-10-23T06:46:14.150+0000] {processor.py:927} WARNING - No viable dags retrieved from /opt/airflow/dags/etl_retail.py
[2025-10-23T06:46:14.163+0000] {processor.py:208} INFO - Processing /opt/airflow/dags/etl_retail.py took 0.452 seconds
[2025-10-23T06:46:24.263+0000] {processor.py:186} INFO - Started process (PID=254) to work on /opt/airflow/dags/etl_retail.py
[2025-10-23T06:46:24.264+0000] {processor.py:914} INFO - Processing file /opt/airflow/dags/etl_retail.py for tasks to queue
[2025-10-23T06:46:24.266+0000] {logging_mixin.py:190} INFO - [2025-10-23T06:46:24.266+0000] {dagbag.py:588} INFO - Filling up the DagBag from /opt/airflow/dags/etl_retail.py
[2025-10-23T06:46:24.706+0000] {logging_mixin.py:190} INFO - [2025-10-23T06:46:24.702+0000] {dagbag.py:387} ERROR - Failed to import: /opt/airflow/dags/etl_retail.py
Traceback (most recent call last):
  File "/home/airflow/.local/lib/python3.12/site-packages/airflow/models/dagbag.py", line 383, in parse
    loader.exec_module(new_module)
  File "<frozen importlib._bootstrap_external>", line 999, in exec_module
  File "<frozen importlib._bootstrap>", line 488, in _call_with_frames_removed
  File "/opt/airflow/dags/etl_retail.py", line 47, in <module>
    tables = transform(df_raw)
             ^^^^^^^^^^^^^^^^^
  File "/home/airflow/.local/lib/python3.12/site-packages/airflow/decorators/base.py", line 373, in __call__
    op = self.operator_class(
         ^^^^^^^^^^^^^^^^^^^^
  File "/home/airflow/.local/lib/python3.12/site-packages/airflow/models/baseoperator.py", line 516, in apply_defaults
    self.set_xcomargs_dependencies()
  File "/home/airflow/.local/lib/python3.12/site-packages/airflow/models/baseoperator.py", line 1349, in set_xcomargs_dependencies
    XComArg.apply_upstream_relationship(self, arg)
  File "/home/airflow/.local/lib/python3.12/site-packages/airflow/models/xcom_arg.py", line 134, in apply_upstream_relationship
    op.set_upstream(operator)
  File "/home/airflow/.local/lib/python3.12/site-packages/airflow/models/taskmixin.py", line 271, in set_upstream
    self._set_relatives(task_or_task_list, upstream=True, edge_modifier=edge_modifier)
  File "/home/airflow/.local/lib/python3.12/site-packages/airflow/models/taskmixin.py", line 233, in _set_relatives
    raise AirflowException(
airflow.exceptions.AirflowException: Tried to create relationships between tasks that don't have DAGs yet. Set the DAG for at least one task and try again: [<Task(_PythonDecoratedOperator): transform>, <Task(_PythonDecoratedOperator): extract>]
[2025-10-23T06:46:24.707+0000] {processor.py:927} WARNING - No viable dags retrieved from /opt/airflow/dags/etl_retail.py
[2025-10-23T06:46:24.721+0000] {processor.py:208} INFO - Processing /opt/airflow/dags/etl_retail.py took 0.464 seconds
[2025-10-23T06:46:34.819+0000] {processor.py:186} INFO - Started process (PID=260) to work on /opt/airflow/dags/etl_retail.py
[2025-10-23T06:46:34.820+0000] {processor.py:914} INFO - Processing file /opt/airflow/dags/etl_retail.py for tasks to queue
[2025-10-23T06:46:34.823+0000] {logging_mixin.py:190} INFO - [2025-10-23T06:46:34.822+0000] {dagbag.py:588} INFO - Filling up the DagBag from /opt/airflow/dags/etl_retail.py
[2025-10-23T06:46:35.245+0000] {logging_mixin.py:190} INFO - [2025-10-23T06:46:35.242+0000] {dagbag.py:387} ERROR - Failed to import: /opt/airflow/dags/etl_retail.py
Traceback (most recent call last):
  File "/home/airflow/.local/lib/python3.12/site-packages/airflow/models/dagbag.py", line 383, in parse
    loader.exec_module(new_module)
  File "<frozen importlib._bootstrap_external>", line 999, in exec_module
  File "<frozen importlib._bootstrap>", line 488, in _call_with_frames_removed
  File "/opt/airflow/dags/etl_retail.py", line 47, in <module>
    tables = transform(df_raw)
             ^^^^^^^^^^^^^^^^^
  File "/home/airflow/.local/lib/python3.12/site-packages/airflow/decorators/base.py", line 373, in __call__
    op = self.operator_class(
         ^^^^^^^^^^^^^^^^^^^^
  File "/home/airflow/.local/lib/python3.12/site-packages/airflow/models/baseoperator.py", line 516, in apply_defaults
    self.set_xcomargs_dependencies()
  File "/home/airflow/.local/lib/python3.12/site-packages/airflow/models/baseoperator.py", line 1349, in set_xcomargs_dependencies
    XComArg.apply_upstream_relationship(self, arg)
  File "/home/airflow/.local/lib/python3.12/site-packages/airflow/models/xcom_arg.py", line 134, in apply_upstream_relationship
    op.set_upstream(operator)
  File "/home/airflow/.local/lib/python3.12/site-packages/airflow/models/taskmixin.py", line 271, in set_upstream
    self._set_relatives(task_or_task_list, upstream=True, edge_modifier=edge_modifier)
  File "/home/airflow/.local/lib/python3.12/site-packages/airflow/models/taskmixin.py", line 233, in _set_relatives
    raise AirflowException(
airflow.exceptions.AirflowException: Tried to create relationships between tasks that don't have DAGs yet. Set the DAG for at least one task and try again: [<Task(_PythonDecoratedOperator): transform>, <Task(_PythonDecoratedOperator): extract>]
[2025-10-23T06:46:35.246+0000] {processor.py:927} WARNING - No viable dags retrieved from /opt/airflow/dags/etl_retail.py
[2025-10-23T06:46:35.265+0000] {processor.py:208} INFO - Processing /opt/airflow/dags/etl_retail.py took 0.452 seconds
[2025-10-23T06:46:46.666+0000] {processor.py:186} INFO - Started process (PID=266) to work on /opt/airflow/dags/etl_retail.py
[2025-10-23T06:46:46.667+0000] {processor.py:914} INFO - Processing file /opt/airflow/dags/etl_retail.py for tasks to queue
[2025-10-23T06:46:46.670+0000] {logging_mixin.py:190} INFO - [2025-10-23T06:46:46.670+0000] {dagbag.py:588} INFO - Filling up the DagBag from /opt/airflow/dags/etl_retail.py
[2025-10-23T06:46:47.150+0000] {logging_mixin.py:190} INFO - [2025-10-23T06:46:47.145+0000] {dagbag.py:387} ERROR - Failed to import: /opt/airflow/dags/etl_retail.py
Traceback (most recent call last):
  File "/home/airflow/.local/lib/python3.12/site-packages/airflow/models/dagbag.py", line 383, in parse
    loader.exec_module(new_module)
  File "<frozen importlib._bootstrap_external>", line 999, in exec_module
  File "<frozen importlib._bootstrap>", line 488, in _call_with_frames_removed
  File "/opt/airflow/dags/etl_retail.py", line 47, in <module>
    tables = transform(df_raw)
             ^^^^^^^^^^^^^^^^^
  File "/home/airflow/.local/lib/python3.12/site-packages/airflow/decorators/base.py", line 373, in __call__
    op = self.operator_class(
         ^^^^^^^^^^^^^^^^^^^^
  File "/home/airflow/.local/lib/python3.12/site-packages/airflow/models/baseoperator.py", line 516, in apply_defaults
    self.set_xcomargs_dependencies()
  File "/home/airflow/.local/lib/python3.12/site-packages/airflow/models/baseoperator.py", line 1349, in set_xcomargs_dependencies
    XComArg.apply_upstream_relationship(self, arg)
  File "/home/airflow/.local/lib/python3.12/site-packages/airflow/models/xcom_arg.py", line 134, in apply_upstream_relationship
    op.set_upstream(operator)
  File "/home/airflow/.local/lib/python3.12/site-packages/airflow/models/taskmixin.py", line 271, in set_upstream
    self._set_relatives(task_or_task_list, upstream=True, edge_modifier=edge_modifier)
  File "/home/airflow/.local/lib/python3.12/site-packages/airflow/models/taskmixin.py", line 233, in _set_relatives
    raise AirflowException(
airflow.exceptions.AirflowException: Tried to create relationships between tasks that don't have DAGs yet. Set the DAG for at least one task and try again: [<Task(_PythonDecoratedOperator): transform>, <Task(_PythonDecoratedOperator): extract>]
[2025-10-23T06:46:47.150+0000] {processor.py:927} WARNING - No viable dags retrieved from /opt/airflow/dags/etl_retail.py
[2025-10-23T06:46:47.169+0000] {processor.py:208} INFO - Processing /opt/airflow/dags/etl_retail.py took 0.509 seconds
[2025-10-23T06:46:57.258+0000] {processor.py:186} INFO - Started process (PID=272) to work on /opt/airflow/dags/etl_retail.py
[2025-10-23T06:46:57.259+0000] {processor.py:914} INFO - Processing file /opt/airflow/dags/etl_retail.py for tasks to queue
[2025-10-23T06:46:57.262+0000] {logging_mixin.py:190} INFO - [2025-10-23T06:46:57.262+0000] {dagbag.py:588} INFO - Filling up the DagBag from /opt/airflow/dags/etl_retail.py
[2025-10-23T06:46:57.676+0000] {logging_mixin.py:190} INFO - [2025-10-23T06:46:57.672+0000] {dagbag.py:387} ERROR - Failed to import: /opt/airflow/dags/etl_retail.py
Traceback (most recent call last):
  File "/home/airflow/.local/lib/python3.12/site-packages/airflow/models/dagbag.py", line 383, in parse
    loader.exec_module(new_module)
  File "<frozen importlib._bootstrap_external>", line 999, in exec_module
  File "<frozen importlib._bootstrap>", line 488, in _call_with_frames_removed
  File "/opt/airflow/dags/etl_retail.py", line 47, in <module>
    tables = transform(df_raw)
             ^^^^^^^^^^^^^^^^^
  File "/home/airflow/.local/lib/python3.12/site-packages/airflow/decorators/base.py", line 373, in __call__
    op = self.operator_class(
         ^^^^^^^^^^^^^^^^^^^^
  File "/home/airflow/.local/lib/python3.12/site-packages/airflow/models/baseoperator.py", line 516, in apply_defaults
    self.set_xcomargs_dependencies()
  File "/home/airflow/.local/lib/python3.12/site-packages/airflow/models/baseoperator.py", line 1349, in set_xcomargs_dependencies
    XComArg.apply_upstream_relationship(self, arg)
  File "/home/airflow/.local/lib/python3.12/site-packages/airflow/models/xcom_arg.py", line 134, in apply_upstream_relationship
    op.set_upstream(operator)
  File "/home/airflow/.local/lib/python3.12/site-packages/airflow/models/taskmixin.py", line 271, in set_upstream
    self._set_relatives(task_or_task_list, upstream=True, edge_modifier=edge_modifier)
  File "/home/airflow/.local/lib/python3.12/site-packages/airflow/models/taskmixin.py", line 233, in _set_relatives
    raise AirflowException(
airflow.exceptions.AirflowException: Tried to create relationships between tasks that don't have DAGs yet. Set the DAG for at least one task and try again: [<Task(_PythonDecoratedOperator): transform>, <Task(_PythonDecoratedOperator): extract>]
[2025-10-23T06:46:57.676+0000] {processor.py:927} WARNING - No viable dags retrieved from /opt/airflow/dags/etl_retail.py
[2025-10-23T06:46:57.696+0000] {processor.py:208} INFO - Processing /opt/airflow/dags/etl_retail.py took 0.445 seconds
[2025-10-23T06:47:07.791+0000] {processor.py:186} INFO - Started process (PID=278) to work on /opt/airflow/dags/etl_retail.py
[2025-10-23T06:47:07.792+0000] {processor.py:914} INFO - Processing file /opt/airflow/dags/etl_retail.py for tasks to queue
[2025-10-23T06:47:07.795+0000] {logging_mixin.py:190} INFO - [2025-10-23T06:47:07.795+0000] {dagbag.py:588} INFO - Filling up the DagBag from /opt/airflow/dags/etl_retail.py
[2025-10-23T06:47:08.239+0000] {logging_mixin.py:190} INFO - [2025-10-23T06:47:08.235+0000] {dagbag.py:387} ERROR - Failed to import: /opt/airflow/dags/etl_retail.py
Traceback (most recent call last):
  File "/home/airflow/.local/lib/python3.12/site-packages/airflow/models/dagbag.py", line 383, in parse
    loader.exec_module(new_module)
  File "<frozen importlib._bootstrap_external>", line 999, in exec_module
  File "<frozen importlib._bootstrap>", line 488, in _call_with_frames_removed
  File "/opt/airflow/dags/etl_retail.py", line 47, in <module>
    tables = transform(df_raw)
             ^^^^^^^^^^^^^^^^^
  File "/home/airflow/.local/lib/python3.12/site-packages/airflow/decorators/base.py", line 373, in __call__
    op = self.operator_class(
         ^^^^^^^^^^^^^^^^^^^^
  File "/home/airflow/.local/lib/python3.12/site-packages/airflow/models/baseoperator.py", line 516, in apply_defaults
    self.set_xcomargs_dependencies()
  File "/home/airflow/.local/lib/python3.12/site-packages/airflow/models/baseoperator.py", line 1349, in set_xcomargs_dependencies
    XComArg.apply_upstream_relationship(self, arg)
  File "/home/airflow/.local/lib/python3.12/site-packages/airflow/models/xcom_arg.py", line 134, in apply_upstream_relationship
    op.set_upstream(operator)
  File "/home/airflow/.local/lib/python3.12/site-packages/airflow/models/taskmixin.py", line 271, in set_upstream
    self._set_relatives(task_or_task_list, upstream=True, edge_modifier=edge_modifier)
  File "/home/airflow/.local/lib/python3.12/site-packages/airflow/models/taskmixin.py", line 233, in _set_relatives
    raise AirflowException(
airflow.exceptions.AirflowException: Tried to create relationships between tasks that don't have DAGs yet. Set the DAG for at least one task and try again: [<Task(_PythonDecoratedOperator): transform>, <Task(_PythonDecoratedOperator): extract>]
[2025-10-23T06:47:08.240+0000] {processor.py:927} WARNING - No viable dags retrieved from /opt/airflow/dags/etl_retail.py
[2025-10-23T06:47:08.253+0000] {processor.py:208} INFO - Processing /opt/airflow/dags/etl_retail.py took 0.468 seconds
[2025-10-23T06:47:19.636+0000] {processor.py:186} INFO - Started process (PID=284) to work on /opt/airflow/dags/etl_retail.py
[2025-10-23T06:47:19.637+0000] {processor.py:914} INFO - Processing file /opt/airflow/dags/etl_retail.py for tasks to queue
[2025-10-23T06:47:19.640+0000] {logging_mixin.py:190} INFO - [2025-10-23T06:47:19.640+0000] {dagbag.py:588} INFO - Filling up the DagBag from /opt/airflow/dags/etl_retail.py
[2025-10-23T06:47:20.092+0000] {logging_mixin.py:190} INFO - [2025-10-23T06:47:20.089+0000] {dagbag.py:387} ERROR - Failed to import: /opt/airflow/dags/etl_retail.py
Traceback (most recent call last):
  File "/home/airflow/.local/lib/python3.12/site-packages/airflow/models/dagbag.py", line 383, in parse
    loader.exec_module(new_module)
  File "<frozen importlib._bootstrap_external>", line 999, in exec_module
  File "<frozen importlib._bootstrap>", line 488, in _call_with_frames_removed
  File "/opt/airflow/dags/etl_retail.py", line 47, in <module>
    tables = transform(df_raw)
             ^^^^^^^^^^^^^^^^^
  File "/home/airflow/.local/lib/python3.12/site-packages/airflow/decorators/base.py", line 373, in __call__
    op = self.operator_class(
         ^^^^^^^^^^^^^^^^^^^^
  File "/home/airflow/.local/lib/python3.12/site-packages/airflow/models/baseoperator.py", line 516, in apply_defaults
    self.set_xcomargs_dependencies()
  File "/home/airflow/.local/lib/python3.12/site-packages/airflow/models/baseoperator.py", line 1349, in set_xcomargs_dependencies
    XComArg.apply_upstream_relationship(self, arg)
  File "/home/airflow/.local/lib/python3.12/site-packages/airflow/models/xcom_arg.py", line 134, in apply_upstream_relationship
    op.set_upstream(operator)
  File "/home/airflow/.local/lib/python3.12/site-packages/airflow/models/taskmixin.py", line 271, in set_upstream
    self._set_relatives(task_or_task_list, upstream=True, edge_modifier=edge_modifier)
  File "/home/airflow/.local/lib/python3.12/site-packages/airflow/models/taskmixin.py", line 233, in _set_relatives
    raise AirflowException(
airflow.exceptions.AirflowException: Tried to create relationships between tasks that don't have DAGs yet. Set the DAG for at least one task and try again: [<Task(_PythonDecoratedOperator): transform>, <Task(_PythonDecoratedOperator): extract>]
[2025-10-23T06:47:20.093+0000] {processor.py:927} WARNING - No viable dags retrieved from /opt/airflow/dags/etl_retail.py
[2025-10-23T06:47:20.107+0000] {processor.py:208} INFO - Processing /opt/airflow/dags/etl_retail.py took 0.478 seconds
[2025-10-23T06:47:30.203+0000] {processor.py:186} INFO - Started process (PID=290) to work on /opt/airflow/dags/etl_retail.py
[2025-10-23T06:47:30.205+0000] {processor.py:914} INFO - Processing file /opt/airflow/dags/etl_retail.py for tasks to queue
[2025-10-23T06:47:30.208+0000] {logging_mixin.py:190} INFO - [2025-10-23T06:47:30.208+0000] {dagbag.py:588} INFO - Filling up the DagBag from /opt/airflow/dags/etl_retail.py
[2025-10-23T06:47:30.714+0000] {logging_mixin.py:190} INFO - [2025-10-23T06:47:30.710+0000] {dagbag.py:387} ERROR - Failed to import: /opt/airflow/dags/etl_retail.py
Traceback (most recent call last):
  File "/home/airflow/.local/lib/python3.12/site-packages/airflow/models/dagbag.py", line 383, in parse
    loader.exec_module(new_module)
  File "<frozen importlib._bootstrap_external>", line 999, in exec_module
  File "<frozen importlib._bootstrap>", line 488, in _call_with_frames_removed
  File "/opt/airflow/dags/etl_retail.py", line 47, in <module>
    tables = transform(df_raw)
             ^^^^^^^^^^^^^^^^^
  File "/home/airflow/.local/lib/python3.12/site-packages/airflow/decorators/base.py", line 373, in __call__
    op = self.operator_class(
         ^^^^^^^^^^^^^^^^^^^^
  File "/home/airflow/.local/lib/python3.12/site-packages/airflow/models/baseoperator.py", line 516, in apply_defaults
    self.set_xcomargs_dependencies()
  File "/home/airflow/.local/lib/python3.12/site-packages/airflow/models/baseoperator.py", line 1349, in set_xcomargs_dependencies
    XComArg.apply_upstream_relationship(self, arg)
  File "/home/airflow/.local/lib/python3.12/site-packages/airflow/models/xcom_arg.py", line 134, in apply_upstream_relationship
    op.set_upstream(operator)
  File "/home/airflow/.local/lib/python3.12/site-packages/airflow/models/taskmixin.py", line 271, in set_upstream
    self._set_relatives(task_or_task_list, upstream=True, edge_modifier=edge_modifier)
  File "/home/airflow/.local/lib/python3.12/site-packages/airflow/models/taskmixin.py", line 233, in _set_relatives
    raise AirflowException(
airflow.exceptions.AirflowException: Tried to create relationships between tasks that don't have DAGs yet. Set the DAG for at least one task and try again: [<Task(_PythonDecoratedOperator): transform>, <Task(_PythonDecoratedOperator): extract>]
[2025-10-23T06:47:30.715+0000] {processor.py:927} WARNING - No viable dags retrieved from /opt/airflow/dags/etl_retail.py
[2025-10-23T06:47:30.727+0000] {processor.py:208} INFO - Processing /opt/airflow/dags/etl_retail.py took 0.530 seconds
[2025-10-23T06:47:40.826+0000] {processor.py:186} INFO - Started process (PID=296) to work on /opt/airflow/dags/etl_retail.py
[2025-10-23T06:47:40.827+0000] {processor.py:914} INFO - Processing file /opt/airflow/dags/etl_retail.py for tasks to queue
[2025-10-23T06:47:40.829+0000] {logging_mixin.py:190} INFO - [2025-10-23T06:47:40.829+0000] {dagbag.py:588} INFO - Filling up the DagBag from /opt/airflow/dags/etl_retail.py
[2025-10-23T06:47:41.274+0000] {logging_mixin.py:190} INFO - [2025-10-23T06:47:41.268+0000] {dagbag.py:387} ERROR - Failed to import: /opt/airflow/dags/etl_retail.py
Traceback (most recent call last):
  File "/home/airflow/.local/lib/python3.12/site-packages/airflow/models/dagbag.py", line 383, in parse
    loader.exec_module(new_module)
  File "<frozen importlib._bootstrap_external>", line 999, in exec_module
  File "<frozen importlib._bootstrap>", line 488, in _call_with_frames_removed
  File "/opt/airflow/dags/etl_retail.py", line 47, in <module>
    tables = transform(df_raw)
             ^^^^^^^^^^^^^^^^^
  File "/home/airflow/.local/lib/python3.12/site-packages/airflow/decorators/base.py", line 373, in __call__
    op = self.operator_class(
         ^^^^^^^^^^^^^^^^^^^^
  File "/home/airflow/.local/lib/python3.12/site-packages/airflow/models/baseoperator.py", line 516, in apply_defaults
    self.set_xcomargs_dependencies()
  File "/home/airflow/.local/lib/python3.12/site-packages/airflow/models/baseoperator.py", line 1349, in set_xcomargs_dependencies
    XComArg.apply_upstream_relationship(self, arg)
  File "/home/airflow/.local/lib/python3.12/site-packages/airflow/models/xcom_arg.py", line 134, in apply_upstream_relationship
    op.set_upstream(operator)
  File "/home/airflow/.local/lib/python3.12/site-packages/airflow/models/taskmixin.py", line 271, in set_upstream
    self._set_relatives(task_or_task_list, upstream=True, edge_modifier=edge_modifier)
  File "/home/airflow/.local/lib/python3.12/site-packages/airflow/models/taskmixin.py", line 233, in _set_relatives
    raise AirflowException(
airflow.exceptions.AirflowException: Tried to create relationships between tasks that don't have DAGs yet. Set the DAG for at least one task and try again: [<Task(_PythonDecoratedOperator): transform>, <Task(_PythonDecoratedOperator): extract>]
[2025-10-23T06:47:41.275+0000] {processor.py:927} WARNING - No viable dags retrieved from /opt/airflow/dags/etl_retail.py
[2025-10-23T06:47:41.290+0000] {processor.py:208} INFO - Processing /opt/airflow/dags/etl_retail.py took 0.469 seconds
[2025-10-23T06:47:52.220+0000] {processor.py:186} INFO - Started process (PID=302) to work on /opt/airflow/dags/etl_retail.py
[2025-10-23T06:47:52.221+0000] {processor.py:914} INFO - Processing file /opt/airflow/dags/etl_retail.py for tasks to queue
[2025-10-23T06:47:52.223+0000] {logging_mixin.py:190} INFO - [2025-10-23T06:47:52.223+0000] {dagbag.py:588} INFO - Filling up the DagBag from /opt/airflow/dags/etl_retail.py
[2025-10-23T06:47:52.650+0000] {logging_mixin.py:190} INFO - [2025-10-23T06:47:52.647+0000] {dagbag.py:387} ERROR - Failed to import: /opt/airflow/dags/etl_retail.py
Traceback (most recent call last):
  File "/home/airflow/.local/lib/python3.12/site-packages/airflow/models/dagbag.py", line 383, in parse
    loader.exec_module(new_module)
  File "<frozen importlib._bootstrap_external>", line 999, in exec_module
  File "<frozen importlib._bootstrap>", line 488, in _call_with_frames_removed
  File "/opt/airflow/dags/etl_retail.py", line 47, in <module>
    tables = transform(df_raw)
             ^^^^^^^^^^^^^^^^^
  File "/home/airflow/.local/lib/python3.12/site-packages/airflow/decorators/base.py", line 373, in __call__
    op = self.operator_class(
         ^^^^^^^^^^^^^^^^^^^^
  File "/home/airflow/.local/lib/python3.12/site-packages/airflow/models/baseoperator.py", line 516, in apply_defaults
    self.set_xcomargs_dependencies()
  File "/home/airflow/.local/lib/python3.12/site-packages/airflow/models/baseoperator.py", line 1349, in set_xcomargs_dependencies
    XComArg.apply_upstream_relationship(self, arg)
  File "/home/airflow/.local/lib/python3.12/site-packages/airflow/models/xcom_arg.py", line 134, in apply_upstream_relationship
    op.set_upstream(operator)
  File "/home/airflow/.local/lib/python3.12/site-packages/airflow/models/taskmixin.py", line 271, in set_upstream
    self._set_relatives(task_or_task_list, upstream=True, edge_modifier=edge_modifier)
  File "/home/airflow/.local/lib/python3.12/site-packages/airflow/models/taskmixin.py", line 233, in _set_relatives
    raise AirflowException(
airflow.exceptions.AirflowException: Tried to create relationships between tasks that don't have DAGs yet. Set the DAG for at least one task and try again: [<Task(_PythonDecoratedOperator): transform>, <Task(_PythonDecoratedOperator): extract>]
[2025-10-23T06:47:52.651+0000] {processor.py:927} WARNING - No viable dags retrieved from /opt/airflow/dags/etl_retail.py
[2025-10-23T06:47:52.664+0000] {processor.py:208} INFO - Processing /opt/airflow/dags/etl_retail.py took 0.451 seconds
[2025-10-23T06:48:02.763+0000] {processor.py:186} INFO - Started process (PID=308) to work on /opt/airflow/dags/etl_retail.py
[2025-10-23T06:48:02.764+0000] {processor.py:914} INFO - Processing file /opt/airflow/dags/etl_retail.py for tasks to queue
[2025-10-23T06:48:02.766+0000] {logging_mixin.py:190} INFO - [2025-10-23T06:48:02.766+0000] {dagbag.py:588} INFO - Filling up the DagBag from /opt/airflow/dags/etl_retail.py
[2025-10-23T06:48:03.192+0000] {logging_mixin.py:190} INFO - [2025-10-23T06:48:03.189+0000] {dagbag.py:387} ERROR - Failed to import: /opt/airflow/dags/etl_retail.py
Traceback (most recent call last):
  File "/home/airflow/.local/lib/python3.12/site-packages/airflow/models/dagbag.py", line 383, in parse
    loader.exec_module(new_module)
  File "<frozen importlib._bootstrap_external>", line 999, in exec_module
  File "<frozen importlib._bootstrap>", line 488, in _call_with_frames_removed
  File "/opt/airflow/dags/etl_retail.py", line 47, in <module>
    tables = transform(df_raw)
             ^^^^^^^^^^^^^^^^^
  File "/home/airflow/.local/lib/python3.12/site-packages/airflow/decorators/base.py", line 373, in __call__
    op = self.operator_class(
         ^^^^^^^^^^^^^^^^^^^^
  File "/home/airflow/.local/lib/python3.12/site-packages/airflow/models/baseoperator.py", line 516, in apply_defaults
    self.set_xcomargs_dependencies()
  File "/home/airflow/.local/lib/python3.12/site-packages/airflow/models/baseoperator.py", line 1349, in set_xcomargs_dependencies
    XComArg.apply_upstream_relationship(self, arg)
  File "/home/airflow/.local/lib/python3.12/site-packages/airflow/models/xcom_arg.py", line 134, in apply_upstream_relationship
    op.set_upstream(operator)
  File "/home/airflow/.local/lib/python3.12/site-packages/airflow/models/taskmixin.py", line 271, in set_upstream
    self._set_relatives(task_or_task_list, upstream=True, edge_modifier=edge_modifier)
  File "/home/airflow/.local/lib/python3.12/site-packages/airflow/models/taskmixin.py", line 233, in _set_relatives
    raise AirflowException(
airflow.exceptions.AirflowException: Tried to create relationships between tasks that don't have DAGs yet. Set the DAG for at least one task and try again: [<Task(_PythonDecoratedOperator): transform>, <Task(_PythonDecoratedOperator): extract>]
[2025-10-23T06:48:03.193+0000] {processor.py:927} WARNING - No viable dags retrieved from /opt/airflow/dags/etl_retail.py
[2025-10-23T06:48:03.213+0000] {processor.py:208} INFO - Processing /opt/airflow/dags/etl_retail.py took 0.457 seconds
[2025-10-23T06:48:13.307+0000] {processor.py:186} INFO - Started process (PID=314) to work on /opt/airflow/dags/etl_retail.py
[2025-10-23T06:48:13.308+0000] {processor.py:914} INFO - Processing file /opt/airflow/dags/etl_retail.py for tasks to queue
[2025-10-23T06:48:13.311+0000] {logging_mixin.py:190} INFO - [2025-10-23T06:48:13.311+0000] {dagbag.py:588} INFO - Filling up the DagBag from /opt/airflow/dags/etl_retail.py
[2025-10-23T06:48:13.742+0000] {logging_mixin.py:190} INFO - [2025-10-23T06:48:13.738+0000] {dagbag.py:387} ERROR - Failed to import: /opt/airflow/dags/etl_retail.py
Traceback (most recent call last):
  File "/home/airflow/.local/lib/python3.12/site-packages/airflow/models/dagbag.py", line 383, in parse
    loader.exec_module(new_module)
  File "<frozen importlib._bootstrap_external>", line 999, in exec_module
  File "<frozen importlib._bootstrap>", line 488, in _call_with_frames_removed
  File "/opt/airflow/dags/etl_retail.py", line 47, in <module>
    tables = transform(df_raw)
             ^^^^^^^^^^^^^^^^^
  File "/home/airflow/.local/lib/python3.12/site-packages/airflow/decorators/base.py", line 373, in __call__
    op = self.operator_class(
         ^^^^^^^^^^^^^^^^^^^^
  File "/home/airflow/.local/lib/python3.12/site-packages/airflow/models/baseoperator.py", line 516, in apply_defaults
    self.set_xcomargs_dependencies()
  File "/home/airflow/.local/lib/python3.12/site-packages/airflow/models/baseoperator.py", line 1349, in set_xcomargs_dependencies
    XComArg.apply_upstream_relationship(self, arg)
  File "/home/airflow/.local/lib/python3.12/site-packages/airflow/models/xcom_arg.py", line 134, in apply_upstream_relationship
    op.set_upstream(operator)
  File "/home/airflow/.local/lib/python3.12/site-packages/airflow/models/taskmixin.py", line 271, in set_upstream
    self._set_relatives(task_or_task_list, upstream=True, edge_modifier=edge_modifier)
  File "/home/airflow/.local/lib/python3.12/site-packages/airflow/models/taskmixin.py", line 233, in _set_relatives
    raise AirflowException(
airflow.exceptions.AirflowException: Tried to create relationships between tasks that don't have DAGs yet. Set the DAG for at least one task and try again: [<Task(_PythonDecoratedOperator): transform>, <Task(_PythonDecoratedOperator): extract>]
[2025-10-23T06:48:13.743+0000] {processor.py:927} WARNING - No viable dags retrieved from /opt/airflow/dags/etl_retail.py
[2025-10-23T06:48:13.756+0000] {processor.py:208} INFO - Processing /opt/airflow/dags/etl_retail.py took 0.455 seconds
[2025-10-23T06:48:25.251+0000] {processor.py:186} INFO - Started process (PID=320) to work on /opt/airflow/dags/etl_retail.py
[2025-10-23T06:48:25.252+0000] {processor.py:914} INFO - Processing file /opt/airflow/dags/etl_retail.py for tasks to queue
[2025-10-23T06:48:25.255+0000] {logging_mixin.py:190} INFO - [2025-10-23T06:48:25.255+0000] {dagbag.py:588} INFO - Filling up the DagBag from /opt/airflow/dags/etl_retail.py
[2025-10-23T06:48:25.711+0000] {logging_mixin.py:190} INFO - [2025-10-23T06:48:25.707+0000] {dagbag.py:387} ERROR - Failed to import: /opt/airflow/dags/etl_retail.py
Traceback (most recent call last):
  File "/home/airflow/.local/lib/python3.12/site-packages/airflow/models/dagbag.py", line 383, in parse
    loader.exec_module(new_module)
  File "<frozen importlib._bootstrap_external>", line 999, in exec_module
  File "<frozen importlib._bootstrap>", line 488, in _call_with_frames_removed
  File "/opt/airflow/dags/etl_retail.py", line 47, in <module>
    tables = transform(df_raw)
             ^^^^^^^^^^^^^^^^^
  File "/home/airflow/.local/lib/python3.12/site-packages/airflow/decorators/base.py", line 373, in __call__
    op = self.operator_class(
         ^^^^^^^^^^^^^^^^^^^^
  File "/home/airflow/.local/lib/python3.12/site-packages/airflow/models/baseoperator.py", line 516, in apply_defaults
    self.set_xcomargs_dependencies()
  File "/home/airflow/.local/lib/python3.12/site-packages/airflow/models/baseoperator.py", line 1349, in set_xcomargs_dependencies
    XComArg.apply_upstream_relationship(self, arg)
  File "/home/airflow/.local/lib/python3.12/site-packages/airflow/models/xcom_arg.py", line 134, in apply_upstream_relationship
    op.set_upstream(operator)
  File "/home/airflow/.local/lib/python3.12/site-packages/airflow/models/taskmixin.py", line 271, in set_upstream
    self._set_relatives(task_or_task_list, upstream=True, edge_modifier=edge_modifier)
  File "/home/airflow/.local/lib/python3.12/site-packages/airflow/models/taskmixin.py", line 233, in _set_relatives
    raise AirflowException(
airflow.exceptions.AirflowException: Tried to create relationships between tasks that don't have DAGs yet. Set the DAG for at least one task and try again: [<Task(_PythonDecoratedOperator): transform>, <Task(_PythonDecoratedOperator): extract>]
[2025-10-23T06:48:25.712+0000] {processor.py:927} WARNING - No viable dags retrieved from /opt/airflow/dags/etl_retail.py
[2025-10-23T06:48:25.726+0000] {processor.py:208} INFO - Processing /opt/airflow/dags/etl_retail.py took 0.481 seconds
[2025-10-23T06:48:35.799+0000] {processor.py:186} INFO - Started process (PID=326) to work on /opt/airflow/dags/etl_retail.py
[2025-10-23T06:48:35.800+0000] {processor.py:914} INFO - Processing file /opt/airflow/dags/etl_retail.py for tasks to queue
[2025-10-23T06:48:35.803+0000] {logging_mixin.py:190} INFO - [2025-10-23T06:48:35.803+0000] {dagbag.py:588} INFO - Filling up the DagBag from /opt/airflow/dags/etl_retail.py
[2025-10-23T06:48:36.279+0000] {logging_mixin.py:190} INFO - [2025-10-23T06:48:36.275+0000] {dagbag.py:387} ERROR - Failed to import: /opt/airflow/dags/etl_retail.py
Traceback (most recent call last):
  File "/home/airflow/.local/lib/python3.12/site-packages/airflow/models/dagbag.py", line 383, in parse
    loader.exec_module(new_module)
  File "<frozen importlib._bootstrap_external>", line 999, in exec_module
  File "<frozen importlib._bootstrap>", line 488, in _call_with_frames_removed
  File "/opt/airflow/dags/etl_retail.py", line 47, in <module>
    tables = transform(df_raw)
             ^^^^^^^^^^^^^^^^^
  File "/home/airflow/.local/lib/python3.12/site-packages/airflow/decorators/base.py", line 373, in __call__
    op = self.operator_class(
         ^^^^^^^^^^^^^^^^^^^^
  File "/home/airflow/.local/lib/python3.12/site-packages/airflow/models/baseoperator.py", line 516, in apply_defaults
    self.set_xcomargs_dependencies()
  File "/home/airflow/.local/lib/python3.12/site-packages/airflow/models/baseoperator.py", line 1349, in set_xcomargs_dependencies
    XComArg.apply_upstream_relationship(self, arg)
  File "/home/airflow/.local/lib/python3.12/site-packages/airflow/models/xcom_arg.py", line 134, in apply_upstream_relationship
    op.set_upstream(operator)
  File "/home/airflow/.local/lib/python3.12/site-packages/airflow/models/taskmixin.py", line 271, in set_upstream
    self._set_relatives(task_or_task_list, upstream=True, edge_modifier=edge_modifier)
  File "/home/airflow/.local/lib/python3.12/site-packages/airflow/models/taskmixin.py", line 233, in _set_relatives
    raise AirflowException(
airflow.exceptions.AirflowException: Tried to create relationships between tasks that don't have DAGs yet. Set the DAG for at least one task and try again: [<Task(_PythonDecoratedOperator): transform>, <Task(_PythonDecoratedOperator): extract>]
[2025-10-23T06:48:36.280+0000] {processor.py:927} WARNING - No viable dags retrieved from /opt/airflow/dags/etl_retail.py
[2025-10-23T06:48:36.303+0000] {processor.py:208} INFO - Processing /opt/airflow/dags/etl_retail.py took 0.509 seconds
[2025-10-23T06:48:46.404+0000] {processor.py:186} INFO - Started process (PID=332) to work on /opt/airflow/dags/etl_retail.py
[2025-10-23T06:48:46.405+0000] {processor.py:914} INFO - Processing file /opt/airflow/dags/etl_retail.py for tasks to queue
[2025-10-23T06:48:46.408+0000] {logging_mixin.py:190} INFO - [2025-10-23T06:48:46.407+0000] {dagbag.py:588} INFO - Filling up the DagBag from /opt/airflow/dags/etl_retail.py
[2025-10-23T06:48:46.827+0000] {logging_mixin.py:190} INFO - [2025-10-23T06:48:46.823+0000] {dagbag.py:387} ERROR - Failed to import: /opt/airflow/dags/etl_retail.py
Traceback (most recent call last):
  File "/home/airflow/.local/lib/python3.12/site-packages/airflow/models/dagbag.py", line 383, in parse
    loader.exec_module(new_module)
  File "<frozen importlib._bootstrap_external>", line 999, in exec_module
  File "<frozen importlib._bootstrap>", line 488, in _call_with_frames_removed
  File "/opt/airflow/dags/etl_retail.py", line 47, in <module>
    tables = transform(df_raw)
             ^^^^^^^^^^^^^^^^^
  File "/home/airflow/.local/lib/python3.12/site-packages/airflow/decorators/base.py", line 373, in __call__
    op = self.operator_class(
         ^^^^^^^^^^^^^^^^^^^^
  File "/home/airflow/.local/lib/python3.12/site-packages/airflow/models/baseoperator.py", line 516, in apply_defaults
    self.set_xcomargs_dependencies()
  File "/home/airflow/.local/lib/python3.12/site-packages/airflow/models/baseoperator.py", line 1349, in set_xcomargs_dependencies
    XComArg.apply_upstream_relationship(self, arg)
  File "/home/airflow/.local/lib/python3.12/site-packages/airflow/models/xcom_arg.py", line 134, in apply_upstream_relationship
    op.set_upstream(operator)
  File "/home/airflow/.local/lib/python3.12/site-packages/airflow/models/taskmixin.py", line 271, in set_upstream
    self._set_relatives(task_or_task_list, upstream=True, edge_modifier=edge_modifier)
  File "/home/airflow/.local/lib/python3.12/site-packages/airflow/models/taskmixin.py", line 233, in _set_relatives
    raise AirflowException(
airflow.exceptions.AirflowException: Tried to create relationships between tasks that don't have DAGs yet. Set the DAG for at least one task and try again: [<Task(_PythonDecoratedOperator): transform>, <Task(_PythonDecoratedOperator): extract>]
[2025-10-23T06:48:46.827+0000] {processor.py:927} WARNING - No viable dags retrieved from /opt/airflow/dags/etl_retail.py
[2025-10-23T06:48:46.841+0000] {processor.py:208} INFO - Processing /opt/airflow/dags/etl_retail.py took 0.442 seconds
[2025-10-23T06:48:58.277+0000] {processor.py:186} INFO - Started process (PID=338) to work on /opt/airflow/dags/etl_retail.py
[2025-10-23T06:48:58.278+0000] {processor.py:914} INFO - Processing file /opt/airflow/dags/etl_retail.py for tasks to queue
[2025-10-23T06:48:58.281+0000] {logging_mixin.py:190} INFO - [2025-10-23T06:48:58.280+0000] {dagbag.py:588} INFO - Filling up the DagBag from /opt/airflow/dags/etl_retail.py
[2025-10-23T06:48:58.759+0000] {logging_mixin.py:190} INFO - [2025-10-23T06:48:58.754+0000] {dagbag.py:387} ERROR - Failed to import: /opt/airflow/dags/etl_retail.py
Traceback (most recent call last):
  File "/home/airflow/.local/lib/python3.12/site-packages/airflow/models/dagbag.py", line 383, in parse
    loader.exec_module(new_module)
  File "<frozen importlib._bootstrap_external>", line 999, in exec_module
  File "<frozen importlib._bootstrap>", line 488, in _call_with_frames_removed
  File "/opt/airflow/dags/etl_retail.py", line 47, in <module>
    tables = transform(df_raw)
             ^^^^^^^^^^^^^^^^^
  File "/home/airflow/.local/lib/python3.12/site-packages/airflow/decorators/base.py", line 373, in __call__
    op = self.operator_class(
         ^^^^^^^^^^^^^^^^^^^^
  File "/home/airflow/.local/lib/python3.12/site-packages/airflow/models/baseoperator.py", line 516, in apply_defaults
    self.set_xcomargs_dependencies()
  File "/home/airflow/.local/lib/python3.12/site-packages/airflow/models/baseoperator.py", line 1349, in set_xcomargs_dependencies
    XComArg.apply_upstream_relationship(self, arg)
  File "/home/airflow/.local/lib/python3.12/site-packages/airflow/models/xcom_arg.py", line 134, in apply_upstream_relationship
    op.set_upstream(operator)
  File "/home/airflow/.local/lib/python3.12/site-packages/airflow/models/taskmixin.py", line 271, in set_upstream
    self._set_relatives(task_or_task_list, upstream=True, edge_modifier=edge_modifier)
  File "/home/airflow/.local/lib/python3.12/site-packages/airflow/models/taskmixin.py", line 233, in _set_relatives
    raise AirflowException(
airflow.exceptions.AirflowException: Tried to create relationships between tasks that don't have DAGs yet. Set the DAG for at least one task and try again: [<Task(_PythonDecoratedOperator): transform>, <Task(_PythonDecoratedOperator): extract>]
[2025-10-23T06:48:58.760+0000] {processor.py:927} WARNING - No viable dags retrieved from /opt/airflow/dags/etl_retail.py
[2025-10-23T06:48:58.776+0000] {processor.py:208} INFO - Processing /opt/airflow/dags/etl_retail.py took 0.505 seconds
[2025-10-23T06:49:08.834+0000] {processor.py:186} INFO - Started process (PID=344) to work on /opt/airflow/dags/etl_retail.py
[2025-10-23T06:49:08.835+0000] {processor.py:914} INFO - Processing file /opt/airflow/dags/etl_retail.py for tasks to queue
[2025-10-23T06:49:08.837+0000] {logging_mixin.py:190} INFO - [2025-10-23T06:49:08.837+0000] {dagbag.py:588} INFO - Filling up the DagBag from /opt/airflow/dags/etl_retail.py
[2025-10-23T06:49:09.341+0000] {logging_mixin.py:190} INFO - [2025-10-23T06:49:09.337+0000] {dagbag.py:387} ERROR - Failed to import: /opt/airflow/dags/etl_retail.py
Traceback (most recent call last):
  File "/home/airflow/.local/lib/python3.12/site-packages/airflow/models/dagbag.py", line 383, in parse
    loader.exec_module(new_module)
  File "<frozen importlib._bootstrap_external>", line 999, in exec_module
  File "<frozen importlib._bootstrap>", line 488, in _call_with_frames_removed
  File "/opt/airflow/dags/etl_retail.py", line 47, in <module>
    tables = transform(df_raw)
             ^^^^^^^^^^^^^^^^^
  File "/home/airflow/.local/lib/python3.12/site-packages/airflow/decorators/base.py", line 373, in __call__
    op = self.operator_class(
         ^^^^^^^^^^^^^^^^^^^^
  File "/home/airflow/.local/lib/python3.12/site-packages/airflow/models/baseoperator.py", line 516, in apply_defaults
    self.set_xcomargs_dependencies()
  File "/home/airflow/.local/lib/python3.12/site-packages/airflow/models/baseoperator.py", line 1349, in set_xcomargs_dependencies
    XComArg.apply_upstream_relationship(self, arg)
  File "/home/airflow/.local/lib/python3.12/site-packages/airflow/models/xcom_arg.py", line 134, in apply_upstream_relationship
    op.set_upstream(operator)
  File "/home/airflow/.local/lib/python3.12/site-packages/airflow/models/taskmixin.py", line 271, in set_upstream
    self._set_relatives(task_or_task_list, upstream=True, edge_modifier=edge_modifier)
  File "/home/airflow/.local/lib/python3.12/site-packages/airflow/models/taskmixin.py", line 233, in _set_relatives
    raise AirflowException(
airflow.exceptions.AirflowException: Tried to create relationships between tasks that don't have DAGs yet. Set the DAG for at least one task and try again: [<Task(_PythonDecoratedOperator): transform>, <Task(_PythonDecoratedOperator): extract>]
[2025-10-23T06:49:09.341+0000] {processor.py:927} WARNING - No viable dags retrieved from /opt/airflow/dags/etl_retail.py
[2025-10-23T06:49:09.362+0000] {processor.py:208} INFO - Processing /opt/airflow/dags/etl_retail.py took 0.533 seconds
[2025-10-23T06:49:12.906+0000] {processor.py:186} INFO - Started process (PID=350) to work on /opt/airflow/dags/etl_retail.py
[2025-10-23T06:49:12.907+0000] {processor.py:914} INFO - Processing file /opt/airflow/dags/etl_retail.py for tasks to queue
[2025-10-23T06:49:12.910+0000] {logging_mixin.py:190} INFO - [2025-10-23T06:49:12.909+0000] {dagbag.py:588} INFO - Filling up the DagBag from /opt/airflow/dags/etl_retail.py
[2025-10-23T06:49:15.534+0000] {logging_mixin.py:190} WARNING - /opt/airflow/src/extract.py:11 UserWarning: Could not infer format, so each element will be parsed individually, falling back to `dateutil`. To ensure parsing is consistent and as-expected, please specify a format.
[2025-10-23T06:49:15.541+0000] {processor.py:925} INFO - DAG(s) 'online_retail_daily_etl' retrieved from /opt/airflow/dags/etl_retail.py
[2025-10-23T06:49:15.717+0000] {logging_mixin.py:190} INFO - [2025-10-23T06:49:15.717+0000] {override.py:1912} INFO - Created Permission View: can read on DAG:online_retail_daily_etl
[2025-10-23T06:49:15.728+0000] {logging_mixin.py:190} INFO - [2025-10-23T06:49:15.728+0000] {override.py:1912} INFO - Created Permission View: can delete on DAG:online_retail_daily_etl
[2025-10-23T06:49:15.734+0000] {logging_mixin.py:190} INFO - [2025-10-23T06:49:15.734+0000] {override.py:1912} INFO - Created Permission View: can edit on DAG:online_retail_daily_etl
[2025-10-23T06:49:15.741+0000] {logging_mixin.py:190} INFO - [2025-10-23T06:49:15.740+0000] {override.py:1912} INFO - Created Permission View: can read on DAG Run:online_retail_daily_etl
[2025-10-23T06:49:15.746+0000] {logging_mixin.py:190} INFO - [2025-10-23T06:49:15.746+0000] {override.py:1912} INFO - Created Permission View: can create on DAG Run:online_retail_daily_etl
[2025-10-23T06:49:15.751+0000] {logging_mixin.py:190} INFO - [2025-10-23T06:49:15.751+0000] {override.py:1912} INFO - Created Permission View: menu access on DAG Run:online_retail_daily_etl
[2025-10-23T06:49:15.757+0000] {logging_mixin.py:190} INFO - [2025-10-23T06:49:15.756+0000] {override.py:1912} INFO - Created Permission View: can delete on DAG Run:online_retail_daily_etl
[2025-10-23T06:49:15.757+0000] {logging_mixin.py:190} INFO - [2025-10-23T06:49:15.757+0000] {dag.py:3239} INFO - Sync 1 DAGs
[2025-10-23T06:49:15.767+0000] {logging_mixin.py:190} INFO - [2025-10-23T06:49:15.767+0000] {dag.py:3262} INFO - Creating ORM DAG for online_retail_daily_etl
[2025-10-23T06:49:15.775+0000] {logging_mixin.py:190} INFO - [2025-10-23T06:49:15.775+0000] {dag.py:4180} INFO - Setting next_dagrun for online_retail_daily_etl to 2025-10-23 00:00:00+00:00, run_after=2025-10-24 00:00:00+00:00
[2025-10-23T06:49:15.804+0000] {processor.py:208} INFO - Processing /opt/airflow/dags/etl_retail.py took 2.903 seconds
[2025-10-23T06:49:25.915+0000] {processor.py:186} INFO - Started process (PID=356) to work on /opt/airflow/dags/etl_retail.py
[2025-10-23T06:49:25.916+0000] {processor.py:914} INFO - Processing file /opt/airflow/dags/etl_retail.py for tasks to queue
[2025-10-23T06:49:25.919+0000] {logging_mixin.py:190} INFO - [2025-10-23T06:49:25.919+0000] {dagbag.py:588} INFO - Filling up the DagBag from /opt/airflow/dags/etl_retail.py
[2025-10-23T06:49:31.252+0000] {logging_mixin.py:190} INFO - [2025-10-23T06:49:31.248+0000] {dagbag.py:387} ERROR - Failed to import: /opt/airflow/dags/etl_retail.py
Traceback (most recent call last):
  File "/home/airflow/.local/lib/python3.12/site-packages/airflow/models/dagbag.py", line 383, in parse
    loader.exec_module(new_module)
  File "<frozen importlib._bootstrap_external>", line 999, in exec_module
  File "<frozen importlib._bootstrap>", line 488, in _call_with_frames_removed
  File "/opt/airflow/dags/etl_retail.py", line 48, in <module>
    load(tables)
  File "/opt/airflow/dags/etl_retail.py", line 39, in load
    pg_hook = PostgresHook.get_hook("my_postgres_conn")
              ^^^^^^^^^^^^^^^^^^^^^^^^^^^^^^^^^^^^^^^^^
  File "/home/airflow/.local/lib/python3.12/site-packages/airflow/hooks/base.py", line 95, in get_hook
    connection = cls.get_connection(conn_id)
                 ^^^^^^^^^^^^^^^^^^^^^^^^^^^
  File "/home/airflow/.local/lib/python3.12/site-packages/airflow/hooks/base.py", line 83, in get_connection
    conn = Connection.get_connection_from_secrets(conn_id)
           ^^^^^^^^^^^^^^^^^^^^^^^^^^^^^^^^^^^^^^^^^^^^^^^
  File "/home/airflow/.local/lib/python3.12/site-packages/airflow/models/connection.py", line 537, in get_connection_from_secrets
    raise AirflowNotFoundException(f"The conn_id `{conn_id}` isn't defined")
airflow.exceptions.AirflowNotFoundException: The conn_id `my_postgres_conn` isn't defined
[2025-10-23T06:49:31.253+0000] {logging_mixin.py:190} WARNING - /opt/airflow/src/extract.py:11 UserWarning: Could not infer format, so each element will be parsed individually, falling back to `dateutil`. To ensure parsing is consistent and as-expected, please specify a format.
[2025-10-23T06:49:31.254+0000] {processor.py:927} WARNING - No viable dags retrieved from /opt/airflow/dags/etl_retail.py
[2025-10-23T06:49:31.260+0000] {processor.py:208} INFO - Processing /opt/airflow/dags/etl_retail.py took 2.552 seconds
[2025-10-23T06:49:41.354+0000] {processor.py:186} INFO - Started process (PID=362) to work on /opt/airflow/dags/etl_retail.py
[2025-10-23T06:49:41.355+0000] {processor.py:914} INFO - Processing file /opt/airflow/dags/etl_retail.py for tasks to queue
[2025-10-23T06:49:41.358+0000] {logging_mixin.py:190} INFO - [2025-10-23T06:49:41.358+0000] {dagbag.py:588} INFO - Filling up the DagBag from /opt/airflow/dags/etl_retail.py
[2025-10-23T06:49:43.909+0000] {logging_mixin.py:190} INFO - [2025-10-23T06:49:43.904+0000] {dagbag.py:387} ERROR - Failed to import: /opt/airflow/dags/etl_retail.py
Traceback (most recent call last):
  File "/home/airflow/.local/lib/python3.12/site-packages/airflow/models/dagbag.py", line 383, in parse
    loader.exec_module(new_module)
  File "<frozen importlib._bootstrap_external>", line 999, in exec_module
  File "<frozen importlib._bootstrap>", line 488, in _call_with_frames_removed
  File "/opt/airflow/dags/etl_retail.py", line 48, in <module>
    load(tables)
  File "/opt/airflow/dags/etl_retail.py", line 39, in load
    pg_hook = PostgresHook.get_hook("my_postgres_conn")
              ^^^^^^^^^^^^^^^^^^^^^^^^^^^^^^^^^^^^^^^^^
  File "/home/airflow/.local/lib/python3.12/site-packages/airflow/hooks/base.py", line 95, in get_hook
    connection = cls.get_connection(conn_id)
                 ^^^^^^^^^^^^^^^^^^^^^^^^^^^
  File "/home/airflow/.local/lib/python3.12/site-packages/airflow/hooks/base.py", line 83, in get_connection
    conn = Connection.get_connection_from_secrets(conn_id)
           ^^^^^^^^^^^^^^^^^^^^^^^^^^^^^^^^^^^^^^^^^^^^^^^
  File "/home/airflow/.local/lib/python3.12/site-packages/airflow/models/connection.py", line 537, in get_connection_from_secrets
    raise AirflowNotFoundException(f"The conn_id `{conn_id}` isn't defined")
airflow.exceptions.AirflowNotFoundException: The conn_id `my_postgres_conn` isn't defined
[2025-10-23T06:49:43.910+0000] {logging_mixin.py:190} WARNING - /opt/airflow/src/extract.py:11 UserWarning: Could not infer format, so each element will be parsed individually, falling back to `dateutil`. To ensure parsing is consistent and as-expected, please specify a format.
[2025-10-23T06:49:43.911+0000] {processor.py:927} WARNING - No viable dags retrieved from /opt/airflow/dags/etl_retail.py
[2025-10-23T06:49:43.920+0000] {processor.py:208} INFO - Processing /opt/airflow/dags/etl_retail.py took 2.573 seconds
[2025-10-23T06:49:54.015+0000] {processor.py:186} INFO - Started process (PID=368) to work on /opt/airflow/dags/etl_retail.py
[2025-10-23T06:49:54.015+0000] {processor.py:914} INFO - Processing file /opt/airflow/dags/etl_retail.py for tasks to queue
[2025-10-23T06:49:54.017+0000] {logging_mixin.py:190} INFO - [2025-10-23T06:49:54.017+0000] {dagbag.py:588} INFO - Filling up the DagBag from /opt/airflow/dags/etl_retail.py
[2025-10-23T06:49:56.574+0000] {logging_mixin.py:190} INFO - [2025-10-23T06:49:56.569+0000] {dagbag.py:387} ERROR - Failed to import: /opt/airflow/dags/etl_retail.py
Traceback (most recent call last):
  File "/home/airflow/.local/lib/python3.12/site-packages/airflow/models/dagbag.py", line 383, in parse
    loader.exec_module(new_module)
  File "<frozen importlib._bootstrap_external>", line 999, in exec_module
  File "<frozen importlib._bootstrap>", line 488, in _call_with_frames_removed
  File "/opt/airflow/dags/etl_retail.py", line 48, in <module>
    load(tables)
  File "/opt/airflow/dags/etl_retail.py", line 39, in load
    pg_hook = PostgresHook.get_hook("my_postgres_conn")
              ^^^^^^^^^^^^^^^^^^^^^^^^^^^^^^^^^^^^^^^^^
  File "/home/airflow/.local/lib/python3.12/site-packages/airflow/hooks/base.py", line 95, in get_hook
    connection = cls.get_connection(conn_id)
                 ^^^^^^^^^^^^^^^^^^^^^^^^^^^
  File "/home/airflow/.local/lib/python3.12/site-packages/airflow/hooks/base.py", line 83, in get_connection
    conn = Connection.get_connection_from_secrets(conn_id)
           ^^^^^^^^^^^^^^^^^^^^^^^^^^^^^^^^^^^^^^^^^^^^^^^
  File "/home/airflow/.local/lib/python3.12/site-packages/airflow/models/connection.py", line 537, in get_connection_from_secrets
    raise AirflowNotFoundException(f"The conn_id `{conn_id}` isn't defined")
airflow.exceptions.AirflowNotFoundException: The conn_id `my_postgres_conn` isn't defined
[2025-10-23T06:49:56.576+0000] {logging_mixin.py:190} WARNING - /opt/airflow/src/extract.py:11 UserWarning: Could not infer format, so each element will be parsed individually, falling back to `dateutil`. To ensure parsing is consistent and as-expected, please specify a format.
[2025-10-23T06:49:56.577+0000] {processor.py:927} WARNING - No viable dags retrieved from /opt/airflow/dags/etl_retail.py
[2025-10-23T06:49:56.591+0000] {processor.py:208} INFO - Processing /opt/airflow/dags/etl_retail.py took 2.582 seconds
[2025-10-23T06:50:06.957+0000] {processor.py:186} INFO - Started process (PID=374) to work on /opt/airflow/dags/etl_retail.py
[2025-10-23T06:50:06.958+0000] {processor.py:914} INFO - Processing file /opt/airflow/dags/etl_retail.py for tasks to queue
[2025-10-23T06:50:06.963+0000] {logging_mixin.py:190} INFO - [2025-10-23T06:50:06.963+0000] {dagbag.py:588} INFO - Filling up the DagBag from /opt/airflow/dags/etl_retail.py
[2025-10-23T06:50:07.443+0000] {logging_mixin.py:190} INFO - [2025-10-23T06:50:07.439+0000] {dagbag.py:387} ERROR - Failed to import: /opt/airflow/dags/etl_retail.py
Traceback (most recent call last):
  File "/home/airflow/.local/lib/python3.12/site-packages/airflow/models/dagbag.py", line 383, in parse
    loader.exec_module(new_module)
  File "<frozen importlib._bootstrap_external>", line 999, in exec_module
  File "<frozen importlib._bootstrap>", line 488, in _call_with_frames_removed
  File "/opt/airflow/dags/etl_retail.py", line 47, in <module>
    tables = transform(df_raw)
             ^^^^^^^^^^^^^^^^^
  File "/home/airflow/.local/lib/python3.12/site-packages/airflow/decorators/base.py", line 373, in __call__
    op = self.operator_class(
         ^^^^^^^^^^^^^^^^^^^^
  File "/home/airflow/.local/lib/python3.12/site-packages/airflow/models/baseoperator.py", line 516, in apply_defaults
    self.set_xcomargs_dependencies()
  File "/home/airflow/.local/lib/python3.12/site-packages/airflow/models/baseoperator.py", line 1349, in set_xcomargs_dependencies
    XComArg.apply_upstream_relationship(self, arg)
  File "/home/airflow/.local/lib/python3.12/site-packages/airflow/models/xcom_arg.py", line 134, in apply_upstream_relationship
    op.set_upstream(operator)
  File "/home/airflow/.local/lib/python3.12/site-packages/airflow/models/taskmixin.py", line 271, in set_upstream
    self._set_relatives(task_or_task_list, upstream=True, edge_modifier=edge_modifier)
  File "/home/airflow/.local/lib/python3.12/site-packages/airflow/models/taskmixin.py", line 233, in _set_relatives
    raise AirflowException(
airflow.exceptions.AirflowException: Tried to create relationships between tasks that don't have DAGs yet. Set the DAG for at least one task and try again: [<Task(_PythonDecoratedOperator): transform>, <Task(_PythonDecoratedOperator): extract>]
[2025-10-23T06:50:07.444+0000] {processor.py:927} WARNING - No viable dags retrieved from /opt/airflow/dags/etl_retail.py
[2025-10-23T06:50:07.459+0000] {processor.py:208} INFO - Processing /opt/airflow/dags/etl_retail.py took 0.510 seconds
[2025-10-23T06:50:17.573+0000] {processor.py:186} INFO - Started process (PID=380) to work on /opt/airflow/dags/etl_retail.py
[2025-10-23T06:50:17.574+0000] {processor.py:914} INFO - Processing file /opt/airflow/dags/etl_retail.py for tasks to queue
[2025-10-23T06:50:17.576+0000] {logging_mixin.py:190} INFO - [2025-10-23T06:50:17.575+0000] {dagbag.py:588} INFO - Filling up the DagBag from /opt/airflow/dags/etl_retail.py
[2025-10-23T06:50:18.076+0000] {logging_mixin.py:190} INFO - [2025-10-23T06:50:18.073+0000] {dagbag.py:387} ERROR - Failed to import: /opt/airflow/dags/etl_retail.py
Traceback (most recent call last):
  File "/home/airflow/.local/lib/python3.12/site-packages/airflow/models/dagbag.py", line 383, in parse
    loader.exec_module(new_module)
  File "<frozen importlib._bootstrap_external>", line 999, in exec_module
  File "<frozen importlib._bootstrap>", line 488, in _call_with_frames_removed
  File "/opt/airflow/dags/etl_retail.py", line 47, in <module>
    tables = transform(df_raw)
             ^^^^^^^^^^^^^^^^^
  File "/home/airflow/.local/lib/python3.12/site-packages/airflow/decorators/base.py", line 373, in __call__
    op = self.operator_class(
         ^^^^^^^^^^^^^^^^^^^^
  File "/home/airflow/.local/lib/python3.12/site-packages/airflow/models/baseoperator.py", line 516, in apply_defaults
    self.set_xcomargs_dependencies()
  File "/home/airflow/.local/lib/python3.12/site-packages/airflow/models/baseoperator.py", line 1349, in set_xcomargs_dependencies
    XComArg.apply_upstream_relationship(self, arg)
  File "/home/airflow/.local/lib/python3.12/site-packages/airflow/models/xcom_arg.py", line 134, in apply_upstream_relationship
    op.set_upstream(operator)
  File "/home/airflow/.local/lib/python3.12/site-packages/airflow/models/taskmixin.py", line 271, in set_upstream
    self._set_relatives(task_or_task_list, upstream=True, edge_modifier=edge_modifier)
  File "/home/airflow/.local/lib/python3.12/site-packages/airflow/models/taskmixin.py", line 233, in _set_relatives
    raise AirflowException(
airflow.exceptions.AirflowException: Tried to create relationships between tasks that don't have DAGs yet. Set the DAG for at least one task and try again: [<Task(_PythonDecoratedOperator): transform>, <Task(_PythonDecoratedOperator): extract>]
[2025-10-23T06:50:18.077+0000] {processor.py:927} WARNING - No viable dags retrieved from /opt/airflow/dags/etl_retail.py
[2025-10-23T06:50:18.095+0000] {processor.py:208} INFO - Processing /opt/airflow/dags/etl_retail.py took 0.529 seconds
[2025-10-23T06:50:28.189+0000] {processor.py:186} INFO - Started process (PID=386) to work on /opt/airflow/dags/etl_retail.py
[2025-10-23T06:50:28.189+0000] {processor.py:914} INFO - Processing file /opt/airflow/dags/etl_retail.py for tasks to queue
[2025-10-23T06:50:28.191+0000] {logging_mixin.py:190} INFO - [2025-10-23T06:50:28.191+0000] {dagbag.py:588} INFO - Filling up the DagBag from /opt/airflow/dags/etl_retail.py
[2025-10-23T06:50:28.599+0000] {logging_mixin.py:190} INFO - [2025-10-23T06:50:28.595+0000] {dagbag.py:387} ERROR - Failed to import: /opt/airflow/dags/etl_retail.py
Traceback (most recent call last):
  File "/home/airflow/.local/lib/python3.12/site-packages/airflow/models/dagbag.py", line 383, in parse
    loader.exec_module(new_module)
  File "<frozen importlib._bootstrap_external>", line 999, in exec_module
  File "<frozen importlib._bootstrap>", line 488, in _call_with_frames_removed
  File "/opt/airflow/dags/etl_retail.py", line 47, in <module>
    tables = transform(df_raw)
             ^^^^^^^^^^^^^^^^^
  File "/home/airflow/.local/lib/python3.12/site-packages/airflow/decorators/base.py", line 373, in __call__
    op = self.operator_class(
         ^^^^^^^^^^^^^^^^^^^^
  File "/home/airflow/.local/lib/python3.12/site-packages/airflow/models/baseoperator.py", line 516, in apply_defaults
    self.set_xcomargs_dependencies()
  File "/home/airflow/.local/lib/python3.12/site-packages/airflow/models/baseoperator.py", line 1349, in set_xcomargs_dependencies
    XComArg.apply_upstream_relationship(self, arg)
  File "/home/airflow/.local/lib/python3.12/site-packages/airflow/models/xcom_arg.py", line 134, in apply_upstream_relationship
    op.set_upstream(operator)
  File "/home/airflow/.local/lib/python3.12/site-packages/airflow/models/taskmixin.py", line 271, in set_upstream
    self._set_relatives(task_or_task_list, upstream=True, edge_modifier=edge_modifier)
  File "/home/airflow/.local/lib/python3.12/site-packages/airflow/models/taskmixin.py", line 233, in _set_relatives
    raise AirflowException(
airflow.exceptions.AirflowException: Tried to create relationships between tasks that don't have DAGs yet. Set the DAG for at least one task and try again: [<Task(_PythonDecoratedOperator): transform>, <Task(_PythonDecoratedOperator): extract>]
[2025-10-23T06:50:28.600+0000] {processor.py:927} WARNING - No viable dags retrieved from /opt/airflow/dags/etl_retail.py
[2025-10-23T06:50:28.611+0000] {processor.py:208} INFO - Processing /opt/airflow/dags/etl_retail.py took 0.428 seconds
[2025-10-23T06:50:39.100+0000] {processor.py:186} INFO - Started process (PID=392) to work on /opt/airflow/dags/etl_retail.py
[2025-10-23T06:50:39.101+0000] {processor.py:914} INFO - Processing file /opt/airflow/dags/etl_retail.py for tasks to queue
[2025-10-23T06:50:39.103+0000] {logging_mixin.py:190} INFO - [2025-10-23T06:50:39.103+0000] {dagbag.py:588} INFO - Filling up the DagBag from /opt/airflow/dags/etl_retail.py
[2025-10-23T06:50:39.547+0000] {logging_mixin.py:190} INFO - [2025-10-23T06:50:39.543+0000] {dagbag.py:387} ERROR - Failed to import: /opt/airflow/dags/etl_retail.py
Traceback (most recent call last):
  File "/home/airflow/.local/lib/python3.12/site-packages/airflow/models/dagbag.py", line 383, in parse
    loader.exec_module(new_module)
  File "<frozen importlib._bootstrap_external>", line 999, in exec_module
  File "<frozen importlib._bootstrap>", line 488, in _call_with_frames_removed
  File "/opt/airflow/dags/etl_retail.py", line 47, in <module>
    tables = transform(df_raw)
             ^^^^^^^^^^^^^^^^^
  File "/home/airflow/.local/lib/python3.12/site-packages/airflow/decorators/base.py", line 373, in __call__
    op = self.operator_class(
         ^^^^^^^^^^^^^^^^^^^^
  File "/home/airflow/.local/lib/python3.12/site-packages/airflow/models/baseoperator.py", line 516, in apply_defaults
    self.set_xcomargs_dependencies()
  File "/home/airflow/.local/lib/python3.12/site-packages/airflow/models/baseoperator.py", line 1349, in set_xcomargs_dependencies
    XComArg.apply_upstream_relationship(self, arg)
  File "/home/airflow/.local/lib/python3.12/site-packages/airflow/models/xcom_arg.py", line 134, in apply_upstream_relationship
    op.set_upstream(operator)
  File "/home/airflow/.local/lib/python3.12/site-packages/airflow/models/taskmixin.py", line 271, in set_upstream
    self._set_relatives(task_or_task_list, upstream=True, edge_modifier=edge_modifier)
  File "/home/airflow/.local/lib/python3.12/site-packages/airflow/models/taskmixin.py", line 233, in _set_relatives
    raise AirflowException(
airflow.exceptions.AirflowException: Tried to create relationships between tasks that don't have DAGs yet. Set the DAG for at least one task and try again: [<Task(_PythonDecoratedOperator): transform>, <Task(_PythonDecoratedOperator): extract>]
[2025-10-23T06:50:39.547+0000] {processor.py:927} WARNING - No viable dags retrieved from /opt/airflow/dags/etl_retail.py
[2025-10-23T06:50:39.566+0000] {processor.py:208} INFO - Processing /opt/airflow/dags/etl_retail.py took 0.473 seconds
[2025-10-23T06:50:49.617+0000] {processor.py:186} INFO - Started process (PID=398) to work on /opt/airflow/dags/etl_retail.py
[2025-10-23T06:50:49.618+0000] {processor.py:914} INFO - Processing file /opt/airflow/dags/etl_retail.py for tasks to queue
[2025-10-23T06:50:49.619+0000] {logging_mixin.py:190} INFO - [2025-10-23T06:50:49.619+0000] {dagbag.py:588} INFO - Filling up the DagBag from /opt/airflow/dags/etl_retail.py
[2025-10-23T06:50:50.044+0000] {logging_mixin.py:190} INFO - [2025-10-23T06:50:50.040+0000] {dagbag.py:387} ERROR - Failed to import: /opt/airflow/dags/etl_retail.py
Traceback (most recent call last):
  File "/home/airflow/.local/lib/python3.12/site-packages/airflow/models/dagbag.py", line 383, in parse
    loader.exec_module(new_module)
  File "<frozen importlib._bootstrap_external>", line 999, in exec_module
  File "<frozen importlib._bootstrap>", line 488, in _call_with_frames_removed
  File "/opt/airflow/dags/etl_retail.py", line 47, in <module>
    tables = transform(df_raw)
             ^^^^^^^^^^^^^^^^^
  File "/home/airflow/.local/lib/python3.12/site-packages/airflow/decorators/base.py", line 373, in __call__
    op = self.operator_class(
         ^^^^^^^^^^^^^^^^^^^^
  File "/home/airflow/.local/lib/python3.12/site-packages/airflow/models/baseoperator.py", line 516, in apply_defaults
    self.set_xcomargs_dependencies()
  File "/home/airflow/.local/lib/python3.12/site-packages/airflow/models/baseoperator.py", line 1349, in set_xcomargs_dependencies
    XComArg.apply_upstream_relationship(self, arg)
  File "/home/airflow/.local/lib/python3.12/site-packages/airflow/models/xcom_arg.py", line 134, in apply_upstream_relationship
    op.set_upstream(operator)
  File "/home/airflow/.local/lib/python3.12/site-packages/airflow/models/taskmixin.py", line 271, in set_upstream
    self._set_relatives(task_or_task_list, upstream=True, edge_modifier=edge_modifier)
  File "/home/airflow/.local/lib/python3.12/site-packages/airflow/models/taskmixin.py", line 233, in _set_relatives
    raise AirflowException(
airflow.exceptions.AirflowException: Tried to create relationships between tasks that don't have DAGs yet. Set the DAG for at least one task and try again: [<Task(_PythonDecoratedOperator): transform>, <Task(_PythonDecoratedOperator): extract>]
[2025-10-23T06:50:50.045+0000] {processor.py:927} WARNING - No viable dags retrieved from /opt/airflow/dags/etl_retail.py
[2025-10-23T06:50:50.062+0000] {processor.py:208} INFO - Processing /opt/airflow/dags/etl_retail.py took 0.450 seconds
[2025-10-23T06:51:00.155+0000] {processor.py:186} INFO - Started process (PID=404) to work on /opt/airflow/dags/etl_retail.py
[2025-10-23T06:51:00.156+0000] {processor.py:914} INFO - Processing file /opt/airflow/dags/etl_retail.py for tasks to queue
[2025-10-23T06:51:00.157+0000] {logging_mixin.py:190} INFO - [2025-10-23T06:51:00.157+0000] {dagbag.py:588} INFO - Filling up the DagBag from /opt/airflow/dags/etl_retail.py
[2025-10-23T06:51:00.573+0000] {logging_mixin.py:190} INFO - [2025-10-23T06:51:00.569+0000] {dagbag.py:387} ERROR - Failed to import: /opt/airflow/dags/etl_retail.py
Traceback (most recent call last):
  File "/home/airflow/.local/lib/python3.12/site-packages/airflow/models/dagbag.py", line 383, in parse
    loader.exec_module(new_module)
  File "<frozen importlib._bootstrap_external>", line 999, in exec_module
  File "<frozen importlib._bootstrap>", line 488, in _call_with_frames_removed
  File "/opt/airflow/dags/etl_retail.py", line 47, in <module>
    tables = transform(df_raw)
             ^^^^^^^^^^^^^^^^^
  File "/home/airflow/.local/lib/python3.12/site-packages/airflow/decorators/base.py", line 373, in __call__
    op = self.operator_class(
         ^^^^^^^^^^^^^^^^^^^^
  File "/home/airflow/.local/lib/python3.12/site-packages/airflow/models/baseoperator.py", line 516, in apply_defaults
    self.set_xcomargs_dependencies()
  File "/home/airflow/.local/lib/python3.12/site-packages/airflow/models/baseoperator.py", line 1349, in set_xcomargs_dependencies
    XComArg.apply_upstream_relationship(self, arg)
  File "/home/airflow/.local/lib/python3.12/site-packages/airflow/models/xcom_arg.py", line 134, in apply_upstream_relationship
    op.set_upstream(operator)
  File "/home/airflow/.local/lib/python3.12/site-packages/airflow/models/taskmixin.py", line 271, in set_upstream
    self._set_relatives(task_or_task_list, upstream=True, edge_modifier=edge_modifier)
  File "/home/airflow/.local/lib/python3.12/site-packages/airflow/models/taskmixin.py", line 233, in _set_relatives
    raise AirflowException(
airflow.exceptions.AirflowException: Tried to create relationships between tasks that don't have DAGs yet. Set the DAG for at least one task and try again: [<Task(_PythonDecoratedOperator): transform>, <Task(_PythonDecoratedOperator): extract>]
[2025-10-23T06:51:00.574+0000] {processor.py:927} WARNING - No viable dags retrieved from /opt/airflow/dags/etl_retail.py
[2025-10-23T06:51:00.592+0000] {processor.py:208} INFO - Processing /opt/airflow/dags/etl_retail.py took 0.443 seconds
[2025-10-23T06:51:11.026+0000] {processor.py:186} INFO - Started process (PID=410) to work on /opt/airflow/dags/etl_retail.py
[2025-10-23T06:51:11.027+0000] {processor.py:914} INFO - Processing file /opt/airflow/dags/etl_retail.py for tasks to queue
[2025-10-23T06:51:11.028+0000] {logging_mixin.py:190} INFO - [2025-10-23T06:51:11.028+0000] {dagbag.py:588} INFO - Filling up the DagBag from /opt/airflow/dags/etl_retail.py
[2025-10-23T06:51:11.472+0000] {logging_mixin.py:190} INFO - [2025-10-23T06:51:11.468+0000] {dagbag.py:387} ERROR - Failed to import: /opt/airflow/dags/etl_retail.py
Traceback (most recent call last):
  File "/home/airflow/.local/lib/python3.12/site-packages/airflow/models/dagbag.py", line 383, in parse
    loader.exec_module(new_module)
  File "<frozen importlib._bootstrap_external>", line 999, in exec_module
  File "<frozen importlib._bootstrap>", line 488, in _call_with_frames_removed
  File "/opt/airflow/dags/etl_retail.py", line 47, in <module>
    tables = transform(df_raw)
             ^^^^^^^^^^^^^^^^^
  File "/home/airflow/.local/lib/python3.12/site-packages/airflow/decorators/base.py", line 373, in __call__
    op = self.operator_class(
         ^^^^^^^^^^^^^^^^^^^^
  File "/home/airflow/.local/lib/python3.12/site-packages/airflow/models/baseoperator.py", line 516, in apply_defaults
    self.set_xcomargs_dependencies()
  File "/home/airflow/.local/lib/python3.12/site-packages/airflow/models/baseoperator.py", line 1349, in set_xcomargs_dependencies
    XComArg.apply_upstream_relationship(self, arg)
  File "/home/airflow/.local/lib/python3.12/site-packages/airflow/models/xcom_arg.py", line 134, in apply_upstream_relationship
    op.set_upstream(operator)
  File "/home/airflow/.local/lib/python3.12/site-packages/airflow/models/taskmixin.py", line 271, in set_upstream
    self._set_relatives(task_or_task_list, upstream=True, edge_modifier=edge_modifier)
  File "/home/airflow/.local/lib/python3.12/site-packages/airflow/models/taskmixin.py", line 233, in _set_relatives
    raise AirflowException(
airflow.exceptions.AirflowException: Tried to create relationships between tasks that don't have DAGs yet. Set the DAG for at least one task and try again: [<Task(_PythonDecoratedOperator): transform>, <Task(_PythonDecoratedOperator): extract>]
[2025-10-23T06:51:11.472+0000] {processor.py:927} WARNING - No viable dags retrieved from /opt/airflow/dags/etl_retail.py
[2025-10-23T06:51:11.493+0000] {processor.py:208} INFO - Processing /opt/airflow/dags/etl_retail.py took 0.472 seconds
[2025-10-23T06:51:21.562+0000] {processor.py:186} INFO - Started process (PID=416) to work on /opt/airflow/dags/etl_retail.py
[2025-10-23T06:51:21.563+0000] {processor.py:914} INFO - Processing file /opt/airflow/dags/etl_retail.py for tasks to queue
[2025-10-23T06:51:21.565+0000] {logging_mixin.py:190} INFO - [2025-10-23T06:51:21.565+0000] {dagbag.py:588} INFO - Filling up the DagBag from /opt/airflow/dags/etl_retail.py
[2025-10-23T06:51:22.001+0000] {logging_mixin.py:190} INFO - [2025-10-23T06:51:21.997+0000] {dagbag.py:387} ERROR - Failed to import: /opt/airflow/dags/etl_retail.py
Traceback (most recent call last):
  File "/home/airflow/.local/lib/python3.12/site-packages/airflow/models/dagbag.py", line 383, in parse
    loader.exec_module(new_module)
  File "<frozen importlib._bootstrap_external>", line 999, in exec_module
  File "<frozen importlib._bootstrap>", line 488, in _call_with_frames_removed
  File "/opt/airflow/dags/etl_retail.py", line 47, in <module>
    tables = transform(df_raw)
             ^^^^^^^^^^^^^^^^^
  File "/home/airflow/.local/lib/python3.12/site-packages/airflow/decorators/base.py", line 373, in __call__
    op = self.operator_class(
         ^^^^^^^^^^^^^^^^^^^^
  File "/home/airflow/.local/lib/python3.12/site-packages/airflow/models/baseoperator.py", line 516, in apply_defaults
    self.set_xcomargs_dependencies()
  File "/home/airflow/.local/lib/python3.12/site-packages/airflow/models/baseoperator.py", line 1349, in set_xcomargs_dependencies
    XComArg.apply_upstream_relationship(self, arg)
  File "/home/airflow/.local/lib/python3.12/site-packages/airflow/models/xcom_arg.py", line 134, in apply_upstream_relationship
    op.set_upstream(operator)
  File "/home/airflow/.local/lib/python3.12/site-packages/airflow/models/taskmixin.py", line 271, in set_upstream
    self._set_relatives(task_or_task_list, upstream=True, edge_modifier=edge_modifier)
  File "/home/airflow/.local/lib/python3.12/site-packages/airflow/models/taskmixin.py", line 233, in _set_relatives
    raise AirflowException(
airflow.exceptions.AirflowException: Tried to create relationships between tasks that don't have DAGs yet. Set the DAG for at least one task and try again: [<Task(_PythonDecoratedOperator): transform>, <Task(_PythonDecoratedOperator): extract>]
[2025-10-23T06:51:22.001+0000] {processor.py:927} WARNING - No viable dags retrieved from /opt/airflow/dags/etl_retail.py
[2025-10-23T06:51:22.020+0000] {processor.py:208} INFO - Processing /opt/airflow/dags/etl_retail.py took 0.463 seconds
[2025-10-23T06:51:32.113+0000] {processor.py:186} INFO - Started process (PID=422) to work on /opt/airflow/dags/etl_retail.py
[2025-10-23T06:51:32.114+0000] {processor.py:914} INFO - Processing file /opt/airflow/dags/etl_retail.py for tasks to queue
[2025-10-23T06:51:32.115+0000] {logging_mixin.py:190} INFO - [2025-10-23T06:51:32.115+0000] {dagbag.py:588} INFO - Filling up the DagBag from /opt/airflow/dags/etl_retail.py
[2025-10-23T06:51:32.560+0000] {logging_mixin.py:190} INFO - [2025-10-23T06:51:32.556+0000] {dagbag.py:387} ERROR - Failed to import: /opt/airflow/dags/etl_retail.py
Traceback (most recent call last):
  File "/home/airflow/.local/lib/python3.12/site-packages/airflow/models/dagbag.py", line 383, in parse
    loader.exec_module(new_module)
  File "<frozen importlib._bootstrap_external>", line 999, in exec_module
  File "<frozen importlib._bootstrap>", line 488, in _call_with_frames_removed
  File "/opt/airflow/dags/etl_retail.py", line 47, in <module>
    tables = transform(df_raw)
             ^^^^^^^^^^^^^^^^^
  File "/home/airflow/.local/lib/python3.12/site-packages/airflow/decorators/base.py", line 373, in __call__
    op = self.operator_class(
         ^^^^^^^^^^^^^^^^^^^^
  File "/home/airflow/.local/lib/python3.12/site-packages/airflow/models/baseoperator.py", line 516, in apply_defaults
    self.set_xcomargs_dependencies()
  File "/home/airflow/.local/lib/python3.12/site-packages/airflow/models/baseoperator.py", line 1349, in set_xcomargs_dependencies
    XComArg.apply_upstream_relationship(self, arg)
  File "/home/airflow/.local/lib/python3.12/site-packages/airflow/models/xcom_arg.py", line 134, in apply_upstream_relationship
    op.set_upstream(operator)
  File "/home/airflow/.local/lib/python3.12/site-packages/airflow/models/taskmixin.py", line 271, in set_upstream
    self._set_relatives(task_or_task_list, upstream=True, edge_modifier=edge_modifier)
  File "/home/airflow/.local/lib/python3.12/site-packages/airflow/models/taskmixin.py", line 233, in _set_relatives
    raise AirflowException(
airflow.exceptions.AirflowException: Tried to create relationships between tasks that don't have DAGs yet. Set the DAG for at least one task and try again: [<Task(_PythonDecoratedOperator): transform>, <Task(_PythonDecoratedOperator): extract>]
[2025-10-23T06:51:32.561+0000] {processor.py:927} WARNING - No viable dags retrieved from /opt/airflow/dags/etl_retail.py
[2025-10-23T06:51:32.580+0000] {processor.py:208} INFO - Processing /opt/airflow/dags/etl_retail.py took 0.473 seconds
[2025-10-23T06:51:43.094+0000] {processor.py:186} INFO - Started process (PID=428) to work on /opt/airflow/dags/etl_retail.py
[2025-10-23T06:51:43.095+0000] {processor.py:914} INFO - Processing file /opt/airflow/dags/etl_retail.py for tasks to queue
[2025-10-23T06:51:43.097+0000] {logging_mixin.py:190} INFO - [2025-10-23T06:51:43.096+0000] {dagbag.py:588} INFO - Filling up the DagBag from /opt/airflow/dags/etl_retail.py
[2025-10-23T06:51:43.568+0000] {logging_mixin.py:190} INFO - [2025-10-23T06:51:43.564+0000] {dagbag.py:387} ERROR - Failed to import: /opt/airflow/dags/etl_retail.py
Traceback (most recent call last):
  File "/home/airflow/.local/lib/python3.12/site-packages/airflow/models/dagbag.py", line 383, in parse
    loader.exec_module(new_module)
  File "<frozen importlib._bootstrap_external>", line 999, in exec_module
  File "<frozen importlib._bootstrap>", line 488, in _call_with_frames_removed
  File "/opt/airflow/dags/etl_retail.py", line 47, in <module>
    tables = transform(df_raw)
             ^^^^^^^^^^^^^^^^^
  File "/home/airflow/.local/lib/python3.12/site-packages/airflow/decorators/base.py", line 373, in __call__
    op = self.operator_class(
         ^^^^^^^^^^^^^^^^^^^^
  File "/home/airflow/.local/lib/python3.12/site-packages/airflow/models/baseoperator.py", line 516, in apply_defaults
    self.set_xcomargs_dependencies()
  File "/home/airflow/.local/lib/python3.12/site-packages/airflow/models/baseoperator.py", line 1349, in set_xcomargs_dependencies
    XComArg.apply_upstream_relationship(self, arg)
  File "/home/airflow/.local/lib/python3.12/site-packages/airflow/models/xcom_arg.py", line 134, in apply_upstream_relationship
    op.set_upstream(operator)
  File "/home/airflow/.local/lib/python3.12/site-packages/airflow/models/taskmixin.py", line 271, in set_upstream
    self._set_relatives(task_or_task_list, upstream=True, edge_modifier=edge_modifier)
  File "/home/airflow/.local/lib/python3.12/site-packages/airflow/models/taskmixin.py", line 233, in _set_relatives
    raise AirflowException(
airflow.exceptions.AirflowException: Tried to create relationships between tasks that don't have DAGs yet. Set the DAG for at least one task and try again: [<Task(_PythonDecoratedOperator): transform>, <Task(_PythonDecoratedOperator): extract>]
[2025-10-23T06:51:43.569+0000] {processor.py:927} WARNING - No viable dags retrieved from /opt/airflow/dags/etl_retail.py
[2025-10-23T06:51:43.583+0000] {processor.py:208} INFO - Processing /opt/airflow/dags/etl_retail.py took 0.494 seconds
[2025-10-23T06:51:53.661+0000] {processor.py:186} INFO - Started process (PID=434) to work on /opt/airflow/dags/etl_retail.py
[2025-10-23T06:51:53.662+0000] {processor.py:914} INFO - Processing file /opt/airflow/dags/etl_retail.py for tasks to queue
[2025-10-23T06:51:53.664+0000] {logging_mixin.py:190} INFO - [2025-10-23T06:51:53.663+0000] {dagbag.py:588} INFO - Filling up the DagBag from /opt/airflow/dags/etl_retail.py
[2025-10-23T06:51:54.087+0000] {logging_mixin.py:190} INFO - [2025-10-23T06:51:54.084+0000] {dagbag.py:387} ERROR - Failed to import: /opt/airflow/dags/etl_retail.py
Traceback (most recent call last):
  File "/home/airflow/.local/lib/python3.12/site-packages/airflow/models/dagbag.py", line 383, in parse
    loader.exec_module(new_module)
  File "<frozen importlib._bootstrap_external>", line 999, in exec_module
  File "<frozen importlib._bootstrap>", line 488, in _call_with_frames_removed
  File "/opt/airflow/dags/etl_retail.py", line 47, in <module>
    tables = transform(df_raw)
             ^^^^^^^^^^^^^^^^^
  File "/home/airflow/.local/lib/python3.12/site-packages/airflow/decorators/base.py", line 373, in __call__
    op = self.operator_class(
         ^^^^^^^^^^^^^^^^^^^^
  File "/home/airflow/.local/lib/python3.12/site-packages/airflow/models/baseoperator.py", line 516, in apply_defaults
    self.set_xcomargs_dependencies()
  File "/home/airflow/.local/lib/python3.12/site-packages/airflow/models/baseoperator.py", line 1349, in set_xcomargs_dependencies
    XComArg.apply_upstream_relationship(self, arg)
  File "/home/airflow/.local/lib/python3.12/site-packages/airflow/models/xcom_arg.py", line 134, in apply_upstream_relationship
    op.set_upstream(operator)
  File "/home/airflow/.local/lib/python3.12/site-packages/airflow/models/taskmixin.py", line 271, in set_upstream
    self._set_relatives(task_or_task_list, upstream=True, edge_modifier=edge_modifier)
  File "/home/airflow/.local/lib/python3.12/site-packages/airflow/models/taskmixin.py", line 233, in _set_relatives
    raise AirflowException(
airflow.exceptions.AirflowException: Tried to create relationships between tasks that don't have DAGs yet. Set the DAG for at least one task and try again: [<Task(_PythonDecoratedOperator): transform>, <Task(_PythonDecoratedOperator): extract>]
[2025-10-23T06:51:54.088+0000] {processor.py:927} WARNING - No viable dags retrieved from /opt/airflow/dags/etl_retail.py
[2025-10-23T06:51:54.106+0000] {processor.py:208} INFO - Processing /opt/airflow/dags/etl_retail.py took 0.450 seconds
[2025-10-23T06:52:04.197+0000] {processor.py:186} INFO - Started process (PID=440) to work on /opt/airflow/dags/etl_retail.py
[2025-10-23T06:52:04.198+0000] {processor.py:914} INFO - Processing file /opt/airflow/dags/etl_retail.py for tasks to queue
[2025-10-23T06:52:04.199+0000] {logging_mixin.py:190} INFO - [2025-10-23T06:52:04.199+0000] {dagbag.py:588} INFO - Filling up the DagBag from /opt/airflow/dags/etl_retail.py
[2025-10-23T06:52:04.639+0000] {logging_mixin.py:190} INFO - [2025-10-23T06:52:04.635+0000] {dagbag.py:387} ERROR - Failed to import: /opt/airflow/dags/etl_retail.py
Traceback (most recent call last):
  File "/home/airflow/.local/lib/python3.12/site-packages/airflow/models/dagbag.py", line 383, in parse
    loader.exec_module(new_module)
  File "<frozen importlib._bootstrap_external>", line 999, in exec_module
  File "<frozen importlib._bootstrap>", line 488, in _call_with_frames_removed
  File "/opt/airflow/dags/etl_retail.py", line 47, in <module>
    tables = transform(df_raw)
             ^^^^^^^^^^^^^^^^^
  File "/home/airflow/.local/lib/python3.12/site-packages/airflow/decorators/base.py", line 373, in __call__
    op = self.operator_class(
         ^^^^^^^^^^^^^^^^^^^^
  File "/home/airflow/.local/lib/python3.12/site-packages/airflow/models/baseoperator.py", line 516, in apply_defaults
    self.set_xcomargs_dependencies()
  File "/home/airflow/.local/lib/python3.12/site-packages/airflow/models/baseoperator.py", line 1349, in set_xcomargs_dependencies
    XComArg.apply_upstream_relationship(self, arg)
  File "/home/airflow/.local/lib/python3.12/site-packages/airflow/models/xcom_arg.py", line 134, in apply_upstream_relationship
    op.set_upstream(operator)
  File "/home/airflow/.local/lib/python3.12/site-packages/airflow/models/taskmixin.py", line 271, in set_upstream
    self._set_relatives(task_or_task_list, upstream=True, edge_modifier=edge_modifier)
  File "/home/airflow/.local/lib/python3.12/site-packages/airflow/models/taskmixin.py", line 233, in _set_relatives
    raise AirflowException(
airflow.exceptions.AirflowException: Tried to create relationships between tasks that don't have DAGs yet. Set the DAG for at least one task and try again: [<Task(_PythonDecoratedOperator): transform>, <Task(_PythonDecoratedOperator): extract>]
[2025-10-23T06:52:04.640+0000] {processor.py:927} WARNING - No viable dags retrieved from /opt/airflow/dags/etl_retail.py
[2025-10-23T06:52:04.654+0000] {processor.py:208} INFO - Processing /opt/airflow/dags/etl_retail.py took 0.462 seconds
[2025-10-23T06:52:15.177+0000] {processor.py:186} INFO - Started process (PID=446) to work on /opt/airflow/dags/etl_retail.py
[2025-10-23T06:52:15.177+0000] {processor.py:914} INFO - Processing file /opt/airflow/dags/etl_retail.py for tasks to queue
[2025-10-23T06:52:15.179+0000] {logging_mixin.py:190} INFO - [2025-10-23T06:52:15.178+0000] {dagbag.py:588} INFO - Filling up the DagBag from /opt/airflow/dags/etl_retail.py
[2025-10-23T06:52:15.990+0000] {logging_mixin.py:190} INFO - [2025-10-23T06:52:15.975+0000] {dagbag.py:387} ERROR - Failed to import: /opt/airflow/dags/etl_retail.py
Traceback (most recent call last):
  File "/home/airflow/.local/lib/python3.12/site-packages/airflow/models/dagbag.py", line 383, in parse
    loader.exec_module(new_module)
  File "<frozen importlib._bootstrap_external>", line 999, in exec_module
  File "<frozen importlib._bootstrap>", line 488, in _call_with_frames_removed
  File "/opt/airflow/dags/etl_retail.py", line 47, in <module>
    tables = transform(df_raw)
             ^^^^^^^^^^^^^^^^^
  File "/home/airflow/.local/lib/python3.12/site-packages/airflow/decorators/base.py", line 373, in __call__
    op = self.operator_class(
         ^^^^^^^^^^^^^^^^^^^^
  File "/home/airflow/.local/lib/python3.12/site-packages/airflow/models/baseoperator.py", line 516, in apply_defaults
    self.set_xcomargs_dependencies()
  File "/home/airflow/.local/lib/python3.12/site-packages/airflow/models/baseoperator.py", line 1349, in set_xcomargs_dependencies
    XComArg.apply_upstream_relationship(self, arg)
  File "/home/airflow/.local/lib/python3.12/site-packages/airflow/models/xcom_arg.py", line 134, in apply_upstream_relationship
    op.set_upstream(operator)
  File "/home/airflow/.local/lib/python3.12/site-packages/airflow/models/taskmixin.py", line 271, in set_upstream
    self._set_relatives(task_or_task_list, upstream=True, edge_modifier=edge_modifier)
  File "/home/airflow/.local/lib/python3.12/site-packages/airflow/models/taskmixin.py", line 233, in _set_relatives
    raise AirflowException(
airflow.exceptions.AirflowException: Tried to create relationships between tasks that don't have DAGs yet. Set the DAG for at least one task and try again: [<Task(_PythonDecoratedOperator): transform>, <Task(_PythonDecoratedOperator): extract>]
[2025-10-23T06:52:15.991+0000] {processor.py:927} WARNING - No viable dags retrieved from /opt/airflow/dags/etl_retail.py
[2025-10-23T06:52:16.034+0000] {processor.py:208} INFO - Processing /opt/airflow/dags/etl_retail.py took 0.863 seconds
[2025-10-23T06:52:26.168+0000] {processor.py:186} INFO - Started process (PID=452) to work on /opt/airflow/dags/etl_retail.py
[2025-10-23T06:52:26.169+0000] {processor.py:914} INFO - Processing file /opt/airflow/dags/etl_retail.py for tasks to queue
[2025-10-23T06:52:26.170+0000] {logging_mixin.py:190} INFO - [2025-10-23T06:52:26.170+0000] {dagbag.py:588} INFO - Filling up the DagBag from /opt/airflow/dags/etl_retail.py
[2025-10-23T06:52:26.773+0000] {logging_mixin.py:190} INFO - [2025-10-23T06:52:26.765+0000] {dagbag.py:387} ERROR - Failed to import: /opt/airflow/dags/etl_retail.py
Traceback (most recent call last):
  File "/home/airflow/.local/lib/python3.12/site-packages/airflow/models/dagbag.py", line 383, in parse
    loader.exec_module(new_module)
  File "<frozen importlib._bootstrap_external>", line 999, in exec_module
  File "<frozen importlib._bootstrap>", line 488, in _call_with_frames_removed
  File "/opt/airflow/dags/etl_retail.py", line 47, in <module>
    tables = transform(df_raw)
             ^^^^^^^^^^^^^^^^^
  File "/home/airflow/.local/lib/python3.12/site-packages/airflow/decorators/base.py", line 373, in __call__
    op = self.operator_class(
         ^^^^^^^^^^^^^^^^^^^^
  File "/home/airflow/.local/lib/python3.12/site-packages/airflow/models/baseoperator.py", line 516, in apply_defaults
    self.set_xcomargs_dependencies()
  File "/home/airflow/.local/lib/python3.12/site-packages/airflow/models/baseoperator.py", line 1349, in set_xcomargs_dependencies
    XComArg.apply_upstream_relationship(self, arg)
  File "/home/airflow/.local/lib/python3.12/site-packages/airflow/models/xcom_arg.py", line 134, in apply_upstream_relationship
    op.set_upstream(operator)
  File "/home/airflow/.local/lib/python3.12/site-packages/airflow/models/taskmixin.py", line 271, in set_upstream
    self._set_relatives(task_or_task_list, upstream=True, edge_modifier=edge_modifier)
  File "/home/airflow/.local/lib/python3.12/site-packages/airflow/models/taskmixin.py", line 233, in _set_relatives
    raise AirflowException(
airflow.exceptions.AirflowException: Tried to create relationships between tasks that don't have DAGs yet. Set the DAG for at least one task and try again: [<Task(_PythonDecoratedOperator): transform>, <Task(_PythonDecoratedOperator): extract>]
[2025-10-23T06:52:26.774+0000] {processor.py:927} WARNING - No viable dags retrieved from /opt/airflow/dags/etl_retail.py
[2025-10-23T06:52:26.808+0000] {processor.py:208} INFO - Processing /opt/airflow/dags/etl_retail.py took 0.648 seconds
[2025-10-23T06:52:36.918+0000] {processor.py:186} INFO - Started process (PID=458) to work on /opt/airflow/dags/etl_retail.py
[2025-10-23T06:52:36.919+0000] {processor.py:914} INFO - Processing file /opt/airflow/dags/etl_retail.py for tasks to queue
[2025-10-23T06:52:36.920+0000] {logging_mixin.py:190} INFO - [2025-10-23T06:52:36.920+0000] {dagbag.py:588} INFO - Filling up the DagBag from /opt/airflow/dags/etl_retail.py
[2025-10-23T06:52:37.523+0000] {logging_mixin.py:190} INFO - [2025-10-23T06:52:37.517+0000] {dagbag.py:387} ERROR - Failed to import: /opt/airflow/dags/etl_retail.py
Traceback (most recent call last):
  File "/home/airflow/.local/lib/python3.12/site-packages/airflow/models/dagbag.py", line 383, in parse
    loader.exec_module(new_module)
  File "<frozen importlib._bootstrap_external>", line 999, in exec_module
  File "<frozen importlib._bootstrap>", line 488, in _call_with_frames_removed
  File "/opt/airflow/dags/etl_retail.py", line 47, in <module>
    tables = transform(df_raw)
             ^^^^^^^^^^^^^^^^^
  File "/home/airflow/.local/lib/python3.12/site-packages/airflow/decorators/base.py", line 373, in __call__
    op = self.operator_class(
         ^^^^^^^^^^^^^^^^^^^^
  File "/home/airflow/.local/lib/python3.12/site-packages/airflow/models/baseoperator.py", line 516, in apply_defaults
    self.set_xcomargs_dependencies()
  File "/home/airflow/.local/lib/python3.12/site-packages/airflow/models/baseoperator.py", line 1349, in set_xcomargs_dependencies
    XComArg.apply_upstream_relationship(self, arg)
  File "/home/airflow/.local/lib/python3.12/site-packages/airflow/models/xcom_arg.py", line 134, in apply_upstream_relationship
    op.set_upstream(operator)
  File "/home/airflow/.local/lib/python3.12/site-packages/airflow/models/taskmixin.py", line 271, in set_upstream
    self._set_relatives(task_or_task_list, upstream=True, edge_modifier=edge_modifier)
  File "/home/airflow/.local/lib/python3.12/site-packages/airflow/models/taskmixin.py", line 233, in _set_relatives
    raise AirflowException(
airflow.exceptions.AirflowException: Tried to create relationships between tasks that don't have DAGs yet. Set the DAG for at least one task and try again: [<Task(_PythonDecoratedOperator): transform>, <Task(_PythonDecoratedOperator): extract>]
[2025-10-23T06:52:37.524+0000] {processor.py:927} WARNING - No viable dags retrieved from /opt/airflow/dags/etl_retail.py
[2025-10-23T06:52:37.541+0000] {processor.py:208} INFO - Processing /opt/airflow/dags/etl_retail.py took 0.629 seconds
[2025-10-23T06:52:48.485+0000] {processor.py:186} INFO - Started process (PID=464) to work on /opt/airflow/dags/etl_retail.py
[2025-10-23T06:52:48.487+0000] {processor.py:914} INFO - Processing file /opt/airflow/dags/etl_retail.py for tasks to queue
[2025-10-23T06:52:48.489+0000] {logging_mixin.py:190} INFO - [2025-10-23T06:52:48.488+0000] {dagbag.py:588} INFO - Filling up the DagBag from /opt/airflow/dags/etl_retail.py
[2025-10-23T06:52:49.202+0000] {logging_mixin.py:190} INFO - [2025-10-23T06:52:49.197+0000] {dagbag.py:387} ERROR - Failed to import: /opt/airflow/dags/etl_retail.py
Traceback (most recent call last):
  File "/home/airflow/.local/lib/python3.12/site-packages/airflow/models/dagbag.py", line 383, in parse
    loader.exec_module(new_module)
  File "<frozen importlib._bootstrap_external>", line 999, in exec_module
  File "<frozen importlib._bootstrap>", line 488, in _call_with_frames_removed
  File "/opt/airflow/dags/etl_retail.py", line 47, in <module>
    tables = transform(df_raw)
             ^^^^^^^^^^^^^^^^^
  File "/home/airflow/.local/lib/python3.12/site-packages/airflow/decorators/base.py", line 373, in __call__
    op = self.operator_class(
         ^^^^^^^^^^^^^^^^^^^^
  File "/home/airflow/.local/lib/python3.12/site-packages/airflow/models/baseoperator.py", line 516, in apply_defaults
    self.set_xcomargs_dependencies()
  File "/home/airflow/.local/lib/python3.12/site-packages/airflow/models/baseoperator.py", line 1349, in set_xcomargs_dependencies
    XComArg.apply_upstream_relationship(self, arg)
  File "/home/airflow/.local/lib/python3.12/site-packages/airflow/models/xcom_arg.py", line 134, in apply_upstream_relationship
    op.set_upstream(operator)
  File "/home/airflow/.local/lib/python3.12/site-packages/airflow/models/taskmixin.py", line 271, in set_upstream
    self._set_relatives(task_or_task_list, upstream=True, edge_modifier=edge_modifier)
  File "/home/airflow/.local/lib/python3.12/site-packages/airflow/models/taskmixin.py", line 233, in _set_relatives
    raise AirflowException(
airflow.exceptions.AirflowException: Tried to create relationships between tasks that don't have DAGs yet. Set the DAG for at least one task and try again: [<Task(_PythonDecoratedOperator): transform>, <Task(_PythonDecoratedOperator): extract>]
[2025-10-23T06:52:49.203+0000] {processor.py:927} WARNING - No viable dags retrieved from /opt/airflow/dags/etl_retail.py
[2025-10-23T06:52:49.219+0000] {processor.py:208} INFO - Processing /opt/airflow/dags/etl_retail.py took 0.742 seconds
[2025-10-23T06:52:59.357+0000] {processor.py:186} INFO - Started process (PID=470) to work on /opt/airflow/dags/etl_retail.py
[2025-10-23T06:52:59.358+0000] {processor.py:914} INFO - Processing file /opt/airflow/dags/etl_retail.py for tasks to queue
[2025-10-23T06:52:59.361+0000] {logging_mixin.py:190} INFO - [2025-10-23T06:52:59.360+0000] {dagbag.py:588} INFO - Filling up the DagBag from /opt/airflow/dags/etl_retail.py
[2025-10-23T06:53:00.041+0000] {logging_mixin.py:190} INFO - [2025-10-23T06:53:00.034+0000] {dagbag.py:387} ERROR - Failed to import: /opt/airflow/dags/etl_retail.py
Traceback (most recent call last):
  File "/home/airflow/.local/lib/python3.12/site-packages/airflow/models/dagbag.py", line 383, in parse
    loader.exec_module(new_module)
  File "<frozen importlib._bootstrap_external>", line 999, in exec_module
  File "<frozen importlib._bootstrap>", line 488, in _call_with_frames_removed
  File "/opt/airflow/dags/etl_retail.py", line 47, in <module>
    tables = transform(df_raw)
             ^^^^^^^^^^^^^^^^^
  File "/home/airflow/.local/lib/python3.12/site-packages/airflow/decorators/base.py", line 373, in __call__
    op = self.operator_class(
         ^^^^^^^^^^^^^^^^^^^^
  File "/home/airflow/.local/lib/python3.12/site-packages/airflow/models/baseoperator.py", line 516, in apply_defaults
    self.set_xcomargs_dependencies()
  File "/home/airflow/.local/lib/python3.12/site-packages/airflow/models/baseoperator.py", line 1349, in set_xcomargs_dependencies
    XComArg.apply_upstream_relationship(self, arg)
  File "/home/airflow/.local/lib/python3.12/site-packages/airflow/models/xcom_arg.py", line 134, in apply_upstream_relationship
    op.set_upstream(operator)
  File "/home/airflow/.local/lib/python3.12/site-packages/airflow/models/taskmixin.py", line 271, in set_upstream
    self._set_relatives(task_or_task_list, upstream=True, edge_modifier=edge_modifier)
  File "/home/airflow/.local/lib/python3.12/site-packages/airflow/models/taskmixin.py", line 233, in _set_relatives
    raise AirflowException(
airflow.exceptions.AirflowException: Tried to create relationships between tasks that don't have DAGs yet. Set the DAG for at least one task and try again: [<Task(_PythonDecoratedOperator): transform>, <Task(_PythonDecoratedOperator): extract>]
[2025-10-23T06:53:00.042+0000] {processor.py:927} WARNING - No viable dags retrieved from /opt/airflow/dags/etl_retail.py
[2025-10-23T06:53:00.069+0000] {processor.py:208} INFO - Processing /opt/airflow/dags/etl_retail.py took 0.720 seconds
[2025-10-23T06:53:10.177+0000] {processor.py:186} INFO - Started process (PID=476) to work on /opt/airflow/dags/etl_retail.py
[2025-10-23T06:53:10.178+0000] {processor.py:914} INFO - Processing file /opt/airflow/dags/etl_retail.py for tasks to queue
[2025-10-23T06:53:10.181+0000] {logging_mixin.py:190} INFO - [2025-10-23T06:53:10.180+0000] {dagbag.py:588} INFO - Filling up the DagBag from /opt/airflow/dags/etl_retail.py
[2025-10-23T06:53:10.757+0000] {logging_mixin.py:190} INFO - [2025-10-23T06:53:10.752+0000] {dagbag.py:387} ERROR - Failed to import: /opt/airflow/dags/etl_retail.py
Traceback (most recent call last):
  File "/home/airflow/.local/lib/python3.12/site-packages/airflow/models/dagbag.py", line 383, in parse
    loader.exec_module(new_module)
  File "<frozen importlib._bootstrap_external>", line 999, in exec_module
  File "<frozen importlib._bootstrap>", line 488, in _call_with_frames_removed
  File "/opt/airflow/dags/etl_retail.py", line 47, in <module>
    tables = transform(df_raw)
             ^^^^^^^^^^^^^^^^^
  File "/home/airflow/.local/lib/python3.12/site-packages/airflow/decorators/base.py", line 373, in __call__
    op = self.operator_class(
         ^^^^^^^^^^^^^^^^^^^^
  File "/home/airflow/.local/lib/python3.12/site-packages/airflow/models/baseoperator.py", line 516, in apply_defaults
    self.set_xcomargs_dependencies()
  File "/home/airflow/.local/lib/python3.12/site-packages/airflow/models/baseoperator.py", line 1349, in set_xcomargs_dependencies
    XComArg.apply_upstream_relationship(self, arg)
  File "/home/airflow/.local/lib/python3.12/site-packages/airflow/models/xcom_arg.py", line 134, in apply_upstream_relationship
    op.set_upstream(operator)
  File "/home/airflow/.local/lib/python3.12/site-packages/airflow/models/taskmixin.py", line 271, in set_upstream
    self._set_relatives(task_or_task_list, upstream=True, edge_modifier=edge_modifier)
  File "/home/airflow/.local/lib/python3.12/site-packages/airflow/models/taskmixin.py", line 233, in _set_relatives
    raise AirflowException(
airflow.exceptions.AirflowException: Tried to create relationships between tasks that don't have DAGs yet. Set the DAG for at least one task and try again: [<Task(_PythonDecoratedOperator): transform>, <Task(_PythonDecoratedOperator): extract>]
[2025-10-23T06:53:10.758+0000] {processor.py:927} WARNING - No viable dags retrieved from /opt/airflow/dags/etl_retail.py
[2025-10-23T06:53:10.783+0000] {processor.py:208} INFO - Processing /opt/airflow/dags/etl_retail.py took 0.614 seconds
[2025-10-23T06:53:21.040+0000] {processor.py:186} INFO - Started process (PID=482) to work on /opt/airflow/dags/etl_retail.py
[2025-10-23T06:53:21.040+0000] {processor.py:914} INFO - Processing file /opt/airflow/dags/etl_retail.py for tasks to queue
[2025-10-23T06:53:21.042+0000] {logging_mixin.py:190} INFO - [2025-10-23T06:53:21.041+0000] {dagbag.py:588} INFO - Filling up the DagBag from /opt/airflow/dags/etl_retail.py
[2025-10-23T06:53:21.493+0000] {logging_mixin.py:190} INFO - [2025-10-23T06:53:21.489+0000] {dagbag.py:387} ERROR - Failed to import: /opt/airflow/dags/etl_retail.py
Traceback (most recent call last):
  File "/home/airflow/.local/lib/python3.12/site-packages/airflow/models/dagbag.py", line 383, in parse
    loader.exec_module(new_module)
  File "<frozen importlib._bootstrap_external>", line 999, in exec_module
  File "<frozen importlib._bootstrap>", line 488, in _call_with_frames_removed
  File "/opt/airflow/dags/etl_retail.py", line 47, in <module>
    tables = transform(df_raw)
             ^^^^^^^^^^^^^^^^^
  File "/home/airflow/.local/lib/python3.12/site-packages/airflow/decorators/base.py", line 373, in __call__
    op = self.operator_class(
         ^^^^^^^^^^^^^^^^^^^^
  File "/home/airflow/.local/lib/python3.12/site-packages/airflow/models/baseoperator.py", line 516, in apply_defaults
    self.set_xcomargs_dependencies()
  File "/home/airflow/.local/lib/python3.12/site-packages/airflow/models/baseoperator.py", line 1349, in set_xcomargs_dependencies
    XComArg.apply_upstream_relationship(self, arg)
  File "/home/airflow/.local/lib/python3.12/site-packages/airflow/models/xcom_arg.py", line 134, in apply_upstream_relationship
    op.set_upstream(operator)
  File "/home/airflow/.local/lib/python3.12/site-packages/airflow/models/taskmixin.py", line 271, in set_upstream
    self._set_relatives(task_or_task_list, upstream=True, edge_modifier=edge_modifier)
  File "/home/airflow/.local/lib/python3.12/site-packages/airflow/models/taskmixin.py", line 233, in _set_relatives
    raise AirflowException(
airflow.exceptions.AirflowException: Tried to create relationships between tasks that don't have DAGs yet. Set the DAG for at least one task and try again: [<Task(_PythonDecoratedOperator): transform>, <Task(_PythonDecoratedOperator): extract>]
[2025-10-23T06:53:21.494+0000] {processor.py:927} WARNING - No viable dags retrieved from /opt/airflow/dags/etl_retail.py
[2025-10-23T06:53:21.538+0000] {processor.py:208} INFO - Processing /opt/airflow/dags/etl_retail.py took 0.504 seconds
[2025-10-23T06:53:27.101+0000] {processor.py:186} INFO - Started process (PID=488) to work on /opt/airflow/dags/etl_retail.py
[2025-10-23T06:53:27.102+0000] {processor.py:914} INFO - Processing file /opt/airflow/dags/etl_retail.py for tasks to queue
[2025-10-23T06:53:27.104+0000] {logging_mixin.py:190} INFO - [2025-10-23T06:53:27.103+0000] {dagbag.py:588} INFO - Filling up the DagBag from /opt/airflow/dags/etl_retail.py
[2025-10-23T06:53:27.598+0000] {logging_mixin.py:190} INFO - [2025-10-23T06:53:27.593+0000] {dagbag.py:387} ERROR - Failed to import: /opt/airflow/dags/etl_retail.py
Traceback (most recent call last):
  File "/home/airflow/.local/lib/python3.12/site-packages/airflow/models/dagbag.py", line 383, in parse
    loader.exec_module(new_module)
  File "<frozen importlib._bootstrap_external>", line 999, in exec_module
  File "<frozen importlib._bootstrap>", line 488, in _call_with_frames_removed
  File "/opt/airflow/dags/etl_retail.py", line 47, in <module>
    tables = transform(df_raw)
             ^^^^^^^^^^^^^^^^^
  File "/home/airflow/.local/lib/python3.12/site-packages/airflow/decorators/base.py", line 373, in __call__
    op = self.operator_class(
         ^^^^^^^^^^^^^^^^^^^^
  File "/home/airflow/.local/lib/python3.12/site-packages/airflow/models/baseoperator.py", line 516, in apply_defaults
    self.set_xcomargs_dependencies()
  File "/home/airflow/.local/lib/python3.12/site-packages/airflow/models/baseoperator.py", line 1349, in set_xcomargs_dependencies
    XComArg.apply_upstream_relationship(self, arg)
  File "/home/airflow/.local/lib/python3.12/site-packages/airflow/models/xcom_arg.py", line 134, in apply_upstream_relationship
    op.set_upstream(operator)
  File "/home/airflow/.local/lib/python3.12/site-packages/airflow/models/taskmixin.py", line 271, in set_upstream
    self._set_relatives(task_or_task_list, upstream=True, edge_modifier=edge_modifier)
  File "/home/airflow/.local/lib/python3.12/site-packages/airflow/models/taskmixin.py", line 233, in _set_relatives
    raise AirflowException(
airflow.exceptions.AirflowException: Tried to create relationships between tasks that don't have DAGs yet. Set the DAG for at least one task and try again: [<Task(_PythonDecoratedOperator): transform>, <Task(_PythonDecoratedOperator): extract>]
[2025-10-23T06:53:27.598+0000] {processor.py:927} WARNING - No viable dags retrieved from /opt/airflow/dags/etl_retail.py
[2025-10-23T06:53:27.618+0000] {processor.py:208} INFO - Processing /opt/airflow/dags/etl_retail.py took 0.524 seconds
[2025-10-23T06:53:29.640+0000] {processor.py:186} INFO - Started process (PID=494) to work on /opt/airflow/dags/etl_retail.py
[2025-10-23T06:53:29.641+0000] {processor.py:914} INFO - Processing file /opt/airflow/dags/etl_retail.py for tasks to queue
[2025-10-23T06:53:29.643+0000] {logging_mixin.py:190} INFO - [2025-10-23T06:53:29.642+0000] {dagbag.py:588} INFO - Filling up the DagBag from /opt/airflow/dags/etl_retail.py
[2025-10-23T06:53:30.129+0000] {logging_mixin.py:190} INFO - [2025-10-23T06:53:30.125+0000] {dagbag.py:387} ERROR - Failed to import: /opt/airflow/dags/etl_retail.py
Traceback (most recent call last):
  File "/home/airflow/.local/lib/python3.12/site-packages/airflow/models/dagbag.py", line 383, in parse
    loader.exec_module(new_module)
  File "<frozen importlib._bootstrap_external>", line 999, in exec_module
  File "<frozen importlib._bootstrap>", line 488, in _call_with_frames_removed
  File "/opt/airflow/dags/etl_retail.py", line 47, in <module>
    tables = transform(df_raw)
             ^^^^^^^^^^^^^^^^^
  File "/home/airflow/.local/lib/python3.12/site-packages/airflow/decorators/base.py", line 373, in __call__
    op = self.operator_class(
         ^^^^^^^^^^^^^^^^^^^^
  File "/home/airflow/.local/lib/python3.12/site-packages/airflow/models/baseoperator.py", line 516, in apply_defaults
    self.set_xcomargs_dependencies()
  File "/home/airflow/.local/lib/python3.12/site-packages/airflow/models/baseoperator.py", line 1349, in set_xcomargs_dependencies
    XComArg.apply_upstream_relationship(self, arg)
  File "/home/airflow/.local/lib/python3.12/site-packages/airflow/models/xcom_arg.py", line 134, in apply_upstream_relationship
    op.set_upstream(operator)
  File "/home/airflow/.local/lib/python3.12/site-packages/airflow/models/taskmixin.py", line 271, in set_upstream
    self._set_relatives(task_or_task_list, upstream=True, edge_modifier=edge_modifier)
  File "/home/airflow/.local/lib/python3.12/site-packages/airflow/models/taskmixin.py", line 233, in _set_relatives
    raise AirflowException(
airflow.exceptions.AirflowException: Tried to create relationships between tasks that don't have DAGs yet. Set the DAG for at least one task and try again: [<Task(_PythonDecoratedOperator): transform>, <Task(_PythonDecoratedOperator): extract>]
[2025-10-23T06:53:30.130+0000] {processor.py:927} WARNING - No viable dags retrieved from /opt/airflow/dags/etl_retail.py
[2025-10-23T06:53:30.146+0000] {processor.py:208} INFO - Processing /opt/airflow/dags/etl_retail.py took 0.512 seconds
[2025-10-23T06:53:32.715+0000] {processor.py:186} INFO - Started process (PID=500) to work on /opt/airflow/dags/etl_retail.py
[2025-10-23T06:53:32.716+0000] {processor.py:914} INFO - Processing file /opt/airflow/dags/etl_retail.py for tasks to queue
[2025-10-23T06:53:32.718+0000] {logging_mixin.py:190} INFO - [2025-10-23T06:53:32.717+0000] {dagbag.py:588} INFO - Filling up the DagBag from /opt/airflow/dags/etl_retail.py
[2025-10-23T06:53:33.223+0000] {logging_mixin.py:190} INFO - [2025-10-23T06:53:33.219+0000] {dagbag.py:387} ERROR - Failed to import: /opt/airflow/dags/etl_retail.py
Traceback (most recent call last):
  File "/home/airflow/.local/lib/python3.12/site-packages/airflow/models/dagbag.py", line 383, in parse
    loader.exec_module(new_module)
  File "<frozen importlib._bootstrap_external>", line 999, in exec_module
  File "<frozen importlib._bootstrap>", line 488, in _call_with_frames_removed
  File "/opt/airflow/dags/etl_retail.py", line 47, in <module>
    tables = transform(df_raw)
             ^^^^^^^^^^^^^^^^^
  File "/home/airflow/.local/lib/python3.12/site-packages/airflow/decorators/base.py", line 373, in __call__
    op = self.operator_class(
         ^^^^^^^^^^^^^^^^^^^^
  File "/home/airflow/.local/lib/python3.12/site-packages/airflow/models/baseoperator.py", line 516, in apply_defaults
    self.set_xcomargs_dependencies()
  File "/home/airflow/.local/lib/python3.12/site-packages/airflow/models/baseoperator.py", line 1349, in set_xcomargs_dependencies
    XComArg.apply_upstream_relationship(self, arg)
  File "/home/airflow/.local/lib/python3.12/site-packages/airflow/models/xcom_arg.py", line 134, in apply_upstream_relationship
    op.set_upstream(operator)
  File "/home/airflow/.local/lib/python3.12/site-packages/airflow/models/taskmixin.py", line 271, in set_upstream
    self._set_relatives(task_or_task_list, upstream=True, edge_modifier=edge_modifier)
  File "/home/airflow/.local/lib/python3.12/site-packages/airflow/models/taskmixin.py", line 233, in _set_relatives
    raise AirflowException(
airflow.exceptions.AirflowException: Tried to create relationships between tasks that don't have DAGs yet. Set the DAG for at least one task and try again: [<Task(_PythonDecoratedOperator): transform>, <Task(_PythonDecoratedOperator): extract>]
[2025-10-23T06:53:33.223+0000] {processor.py:927} WARNING - No viable dags retrieved from /opt/airflow/dags/etl_retail.py
[2025-10-23T06:53:33.242+0000] {processor.py:208} INFO - Processing /opt/airflow/dags/etl_retail.py took 0.535 seconds
[2025-10-23T06:53:43.332+0000] {processor.py:186} INFO - Started process (PID=506) to work on /opt/airflow/dags/etl_retail.py
[2025-10-23T06:53:43.333+0000] {processor.py:914} INFO - Processing file /opt/airflow/dags/etl_retail.py for tasks to queue
[2025-10-23T06:53:43.334+0000] {logging_mixin.py:190} INFO - [2025-10-23T06:53:43.334+0000] {dagbag.py:588} INFO - Filling up the DagBag from /opt/airflow/dags/etl_retail.py
[2025-10-23T06:53:43.832+0000] {logging_mixin.py:190} INFO - [2025-10-23T06:53:43.828+0000] {dagbag.py:387} ERROR - Failed to import: /opt/airflow/dags/etl_retail.py
Traceback (most recent call last):
  File "/home/airflow/.local/lib/python3.12/site-packages/airflow/models/dagbag.py", line 383, in parse
    loader.exec_module(new_module)
  File "<frozen importlib._bootstrap_external>", line 999, in exec_module
  File "<frozen importlib._bootstrap>", line 488, in _call_with_frames_removed
  File "/opt/airflow/dags/etl_retail.py", line 47, in <module>
    tables = transform(df_raw)
             ^^^^^^^^^^^^^^^^^
  File "/home/airflow/.local/lib/python3.12/site-packages/airflow/decorators/base.py", line 373, in __call__
    op = self.operator_class(
         ^^^^^^^^^^^^^^^^^^^^
  File "/home/airflow/.local/lib/python3.12/site-packages/airflow/models/baseoperator.py", line 516, in apply_defaults
    self.set_xcomargs_dependencies()
  File "/home/airflow/.local/lib/python3.12/site-packages/airflow/models/baseoperator.py", line 1349, in set_xcomargs_dependencies
    XComArg.apply_upstream_relationship(self, arg)
  File "/home/airflow/.local/lib/python3.12/site-packages/airflow/models/xcom_arg.py", line 134, in apply_upstream_relationship
    op.set_upstream(operator)
  File "/home/airflow/.local/lib/python3.12/site-packages/airflow/models/taskmixin.py", line 271, in set_upstream
    self._set_relatives(task_or_task_list, upstream=True, edge_modifier=edge_modifier)
  File "/home/airflow/.local/lib/python3.12/site-packages/airflow/models/taskmixin.py", line 233, in _set_relatives
    raise AirflowException(
airflow.exceptions.AirflowException: Tried to create relationships between tasks that don't have DAGs yet. Set the DAG for at least one task and try again: [<Task(_PythonDecoratedOperator): transform>, <Task(_PythonDecoratedOperator): extract>]
[2025-10-23T06:53:43.832+0000] {processor.py:927} WARNING - No viable dags retrieved from /opt/airflow/dags/etl_retail.py
[2025-10-23T06:53:43.847+0000] {processor.py:208} INFO - Processing /opt/airflow/dags/etl_retail.py took 0.521 seconds
[2025-10-23T06:53:54.260+0000] {processor.py:186} INFO - Started process (PID=512) to work on /opt/airflow/dags/etl_retail.py
[2025-10-23T06:53:54.262+0000] {processor.py:914} INFO - Processing file /opt/airflow/dags/etl_retail.py for tasks to queue
[2025-10-23T06:53:54.265+0000] {logging_mixin.py:190} INFO - [2025-10-23T06:53:54.264+0000] {dagbag.py:588} INFO - Filling up the DagBag from /opt/airflow/dags/etl_retail.py
[2025-10-23T06:53:54.731+0000] {logging_mixin.py:190} INFO - [2025-10-23T06:53:54.728+0000] {dagbag.py:387} ERROR - Failed to import: /opt/airflow/dags/etl_retail.py
Traceback (most recent call last):
  File "/home/airflow/.local/lib/python3.12/site-packages/airflow/models/dagbag.py", line 383, in parse
    loader.exec_module(new_module)
  File "<frozen importlib._bootstrap_external>", line 999, in exec_module
  File "<frozen importlib._bootstrap>", line 488, in _call_with_frames_removed
  File "/opt/airflow/dags/etl_retail.py", line 47, in <module>
    tables = transform(df_raw)
             ^^^^^^^^^^^^^^^^^
  File "/home/airflow/.local/lib/python3.12/site-packages/airflow/decorators/base.py", line 373, in __call__
    op = self.operator_class(
         ^^^^^^^^^^^^^^^^^^^^
  File "/home/airflow/.local/lib/python3.12/site-packages/airflow/models/baseoperator.py", line 516, in apply_defaults
    self.set_xcomargs_dependencies()
  File "/home/airflow/.local/lib/python3.12/site-packages/airflow/models/baseoperator.py", line 1349, in set_xcomargs_dependencies
    XComArg.apply_upstream_relationship(self, arg)
  File "/home/airflow/.local/lib/python3.12/site-packages/airflow/models/xcom_arg.py", line 134, in apply_upstream_relationship
    op.set_upstream(operator)
  File "/home/airflow/.local/lib/python3.12/site-packages/airflow/models/taskmixin.py", line 271, in set_upstream
    self._set_relatives(task_or_task_list, upstream=True, edge_modifier=edge_modifier)
  File "/home/airflow/.local/lib/python3.12/site-packages/airflow/models/taskmixin.py", line 233, in _set_relatives
    raise AirflowException(
airflow.exceptions.AirflowException: Tried to create relationships between tasks that don't have DAGs yet. Set the DAG for at least one task and try again: [<Task(_PythonDecoratedOperator): transform>, <Task(_PythonDecoratedOperator): extract>]
[2025-10-23T06:53:54.732+0000] {processor.py:927} WARNING - No viable dags retrieved from /opt/airflow/dags/etl_retail.py
[2025-10-23T06:53:54.745+0000] {processor.py:208} INFO - Processing /opt/airflow/dags/etl_retail.py took 0.496 seconds
[2025-10-23T06:54:04.839+0000] {processor.py:186} INFO - Started process (PID=518) to work on /opt/airflow/dags/etl_retail.py
[2025-10-23T06:54:04.839+0000] {processor.py:914} INFO - Processing file /opt/airflow/dags/etl_retail.py for tasks to queue
[2025-10-23T06:54:04.841+0000] {logging_mixin.py:190} INFO - [2025-10-23T06:54:04.840+0000] {dagbag.py:588} INFO - Filling up the DagBag from /opt/airflow/dags/etl_retail.py
[2025-10-23T06:54:05.273+0000] {logging_mixin.py:190} INFO - [2025-10-23T06:54:05.269+0000] {dagbag.py:387} ERROR - Failed to import: /opt/airflow/dags/etl_retail.py
Traceback (most recent call last):
  File "/home/airflow/.local/lib/python3.12/site-packages/airflow/models/dagbag.py", line 383, in parse
    loader.exec_module(new_module)
  File "<frozen importlib._bootstrap_external>", line 999, in exec_module
  File "<frozen importlib._bootstrap>", line 488, in _call_with_frames_removed
  File "/opt/airflow/dags/etl_retail.py", line 47, in <module>
    tables = transform(df_raw)
             ^^^^^^^^^^^^^^^^^
  File "/home/airflow/.local/lib/python3.12/site-packages/airflow/decorators/base.py", line 373, in __call__
    op = self.operator_class(
         ^^^^^^^^^^^^^^^^^^^^
  File "/home/airflow/.local/lib/python3.12/site-packages/airflow/models/baseoperator.py", line 516, in apply_defaults
    self.set_xcomargs_dependencies()
  File "/home/airflow/.local/lib/python3.12/site-packages/airflow/models/baseoperator.py", line 1349, in set_xcomargs_dependencies
    XComArg.apply_upstream_relationship(self, arg)
  File "/home/airflow/.local/lib/python3.12/site-packages/airflow/models/xcom_arg.py", line 134, in apply_upstream_relationship
    op.set_upstream(operator)
  File "/home/airflow/.local/lib/python3.12/site-packages/airflow/models/taskmixin.py", line 271, in set_upstream
    self._set_relatives(task_or_task_list, upstream=True, edge_modifier=edge_modifier)
  File "/home/airflow/.local/lib/python3.12/site-packages/airflow/models/taskmixin.py", line 233, in _set_relatives
    raise AirflowException(
airflow.exceptions.AirflowException: Tried to create relationships between tasks that don't have DAGs yet. Set the DAG for at least one task and try again: [<Task(_PythonDecoratedOperator): transform>, <Task(_PythonDecoratedOperator): extract>]
[2025-10-23T06:54:05.274+0000] {processor.py:927} WARNING - No viable dags retrieved from /opt/airflow/dags/etl_retail.py
[2025-10-23T06:54:05.292+0000] {processor.py:208} INFO - Processing /opt/airflow/dags/etl_retail.py took 0.458 seconds
[2025-10-23T06:54:15.396+0000] {processor.py:186} INFO - Started process (PID=524) to work on /opt/airflow/dags/etl_retail.py
[2025-10-23T06:54:15.397+0000] {processor.py:914} INFO - Processing file /opt/airflow/dags/etl_retail.py for tasks to queue
[2025-10-23T06:54:15.398+0000] {logging_mixin.py:190} INFO - [2025-10-23T06:54:15.398+0000] {dagbag.py:588} INFO - Filling up the DagBag from /opt/airflow/dags/etl_retail.py
[2025-10-23T06:54:15.852+0000] {logging_mixin.py:190} INFO - [2025-10-23T06:54:15.847+0000] {dagbag.py:387} ERROR - Failed to import: /opt/airflow/dags/etl_retail.py
Traceback (most recent call last):
  File "/home/airflow/.local/lib/python3.12/site-packages/airflow/models/dagbag.py", line 383, in parse
    loader.exec_module(new_module)
  File "<frozen importlib._bootstrap_external>", line 999, in exec_module
  File "<frozen importlib._bootstrap>", line 488, in _call_with_frames_removed
  File "/opt/airflow/dags/etl_retail.py", line 47, in <module>
    tables = transform(df_raw)
             ^^^^^^^^^^^^^^^^^
  File "/home/airflow/.local/lib/python3.12/site-packages/airflow/decorators/base.py", line 373, in __call__
    op = self.operator_class(
         ^^^^^^^^^^^^^^^^^^^^
  File "/home/airflow/.local/lib/python3.12/site-packages/airflow/models/baseoperator.py", line 516, in apply_defaults
    self.set_xcomargs_dependencies()
  File "/home/airflow/.local/lib/python3.12/site-packages/airflow/models/baseoperator.py", line 1349, in set_xcomargs_dependencies
    XComArg.apply_upstream_relationship(self, arg)
  File "/home/airflow/.local/lib/python3.12/site-packages/airflow/models/xcom_arg.py", line 134, in apply_upstream_relationship
    op.set_upstream(operator)
  File "/home/airflow/.local/lib/python3.12/site-packages/airflow/models/taskmixin.py", line 271, in set_upstream
    self._set_relatives(task_or_task_list, upstream=True, edge_modifier=edge_modifier)
  File "/home/airflow/.local/lib/python3.12/site-packages/airflow/models/taskmixin.py", line 233, in _set_relatives
    raise AirflowException(
airflow.exceptions.AirflowException: Tried to create relationships between tasks that don't have DAGs yet. Set the DAG for at least one task and try again: [<Task(_PythonDecoratedOperator): transform>, <Task(_PythonDecoratedOperator): extract>]
[2025-10-23T06:54:15.853+0000] {processor.py:927} WARNING - No viable dags retrieved from /opt/airflow/dags/etl_retail.py
[2025-10-23T06:54:15.871+0000] {processor.py:208} INFO - Processing /opt/airflow/dags/etl_retail.py took 0.482 seconds
[2025-10-23T06:54:26.858+0000] {processor.py:186} INFO - Started process (PID=530) to work on /opt/airflow/dags/etl_retail.py
[2025-10-23T06:54:26.859+0000] {processor.py:914} INFO - Processing file /opt/airflow/dags/etl_retail.py for tasks to queue
[2025-10-23T06:54:26.861+0000] {logging_mixin.py:190} INFO - [2025-10-23T06:54:26.860+0000] {dagbag.py:588} INFO - Filling up the DagBag from /opt/airflow/dags/etl_retail.py
[2025-10-23T06:54:27.278+0000] {logging_mixin.py:190} INFO - [2025-10-23T06:54:27.274+0000] {dagbag.py:387} ERROR - Failed to import: /opt/airflow/dags/etl_retail.py
Traceback (most recent call last):
  File "/home/airflow/.local/lib/python3.12/site-packages/airflow/models/dagbag.py", line 383, in parse
    loader.exec_module(new_module)
  File "<frozen importlib._bootstrap_external>", line 999, in exec_module
  File "<frozen importlib._bootstrap>", line 488, in _call_with_frames_removed
  File "/opt/airflow/dags/etl_retail.py", line 47, in <module>
    tables = transform(df_raw)
             ^^^^^^^^^^^^^^^^^
  File "/home/airflow/.local/lib/python3.12/site-packages/airflow/decorators/base.py", line 373, in __call__
    op = self.operator_class(
         ^^^^^^^^^^^^^^^^^^^^
  File "/home/airflow/.local/lib/python3.12/site-packages/airflow/models/baseoperator.py", line 516, in apply_defaults
    self.set_xcomargs_dependencies()
  File "/home/airflow/.local/lib/python3.12/site-packages/airflow/models/baseoperator.py", line 1349, in set_xcomargs_dependencies
    XComArg.apply_upstream_relationship(self, arg)
  File "/home/airflow/.local/lib/python3.12/site-packages/airflow/models/xcom_arg.py", line 134, in apply_upstream_relationship
    op.set_upstream(operator)
  File "/home/airflow/.local/lib/python3.12/site-packages/airflow/models/taskmixin.py", line 271, in set_upstream
    self._set_relatives(task_or_task_list, upstream=True, edge_modifier=edge_modifier)
  File "/home/airflow/.local/lib/python3.12/site-packages/airflow/models/taskmixin.py", line 233, in _set_relatives
    raise AirflowException(
airflow.exceptions.AirflowException: Tried to create relationships between tasks that don't have DAGs yet. Set the DAG for at least one task and try again: [<Task(_PythonDecoratedOperator): transform>, <Task(_PythonDecoratedOperator): extract>]
[2025-10-23T06:54:27.279+0000] {processor.py:927} WARNING - No viable dags retrieved from /opt/airflow/dags/etl_retail.py
[2025-10-23T06:54:27.298+0000] {processor.py:208} INFO - Processing /opt/airflow/dags/etl_retail.py took 0.445 seconds
[2025-10-23T06:54:37.398+0000] {processor.py:186} INFO - Started process (PID=536) to work on /opt/airflow/dags/etl_retail.py
[2025-10-23T06:54:37.399+0000] {processor.py:914} INFO - Processing file /opt/airflow/dags/etl_retail.py for tasks to queue
[2025-10-23T06:54:37.400+0000] {logging_mixin.py:190} INFO - [2025-10-23T06:54:37.400+0000] {dagbag.py:588} INFO - Filling up the DagBag from /opt/airflow/dags/etl_retail.py
[2025-10-23T06:54:37.821+0000] {logging_mixin.py:190} INFO - [2025-10-23T06:54:37.817+0000] {dagbag.py:387} ERROR - Failed to import: /opt/airflow/dags/etl_retail.py
Traceback (most recent call last):
  File "/home/airflow/.local/lib/python3.12/site-packages/airflow/models/dagbag.py", line 383, in parse
    loader.exec_module(new_module)
  File "<frozen importlib._bootstrap_external>", line 999, in exec_module
  File "<frozen importlib._bootstrap>", line 488, in _call_with_frames_removed
  File "/opt/airflow/dags/etl_retail.py", line 47, in <module>
    tables = transform(df_raw)
             ^^^^^^^^^^^^^^^^^
  File "/home/airflow/.local/lib/python3.12/site-packages/airflow/decorators/base.py", line 373, in __call__
    op = self.operator_class(
         ^^^^^^^^^^^^^^^^^^^^
  File "/home/airflow/.local/lib/python3.12/site-packages/airflow/models/baseoperator.py", line 516, in apply_defaults
    self.set_xcomargs_dependencies()
  File "/home/airflow/.local/lib/python3.12/site-packages/airflow/models/baseoperator.py", line 1349, in set_xcomargs_dependencies
    XComArg.apply_upstream_relationship(self, arg)
  File "/home/airflow/.local/lib/python3.12/site-packages/airflow/models/xcom_arg.py", line 134, in apply_upstream_relationship
    op.set_upstream(operator)
  File "/home/airflow/.local/lib/python3.12/site-packages/airflow/models/taskmixin.py", line 271, in set_upstream
    self._set_relatives(task_or_task_list, upstream=True, edge_modifier=edge_modifier)
  File "/home/airflow/.local/lib/python3.12/site-packages/airflow/models/taskmixin.py", line 233, in _set_relatives
    raise AirflowException(
airflow.exceptions.AirflowException: Tried to create relationships between tasks that don't have DAGs yet. Set the DAG for at least one task and try again: [<Task(_PythonDecoratedOperator): transform>, <Task(_PythonDecoratedOperator): extract>]
[2025-10-23T06:54:37.822+0000] {processor.py:927} WARNING - No viable dags retrieved from /opt/airflow/dags/etl_retail.py
[2025-10-23T06:54:37.842+0000] {processor.py:208} INFO - Processing /opt/airflow/dags/etl_retail.py took 0.449 seconds
[2025-10-23T06:54:47.941+0000] {processor.py:186} INFO - Started process (PID=542) to work on /opt/airflow/dags/etl_retail.py
[2025-10-23T06:54:47.942+0000] {processor.py:914} INFO - Processing file /opt/airflow/dags/etl_retail.py for tasks to queue
[2025-10-23T06:54:47.943+0000] {logging_mixin.py:190} INFO - [2025-10-23T06:54:47.943+0000] {dagbag.py:588} INFO - Filling up the DagBag from /opt/airflow/dags/etl_retail.py
[2025-10-23T06:54:48.369+0000] {logging_mixin.py:190} INFO - [2025-10-23T06:54:48.365+0000] {dagbag.py:387} ERROR - Failed to import: /opt/airflow/dags/etl_retail.py
Traceback (most recent call last):
  File "/home/airflow/.local/lib/python3.12/site-packages/airflow/models/dagbag.py", line 383, in parse
    loader.exec_module(new_module)
  File "<frozen importlib._bootstrap_external>", line 999, in exec_module
  File "<frozen importlib._bootstrap>", line 488, in _call_with_frames_removed
  File "/opt/airflow/dags/etl_retail.py", line 47, in <module>
    tables = transform(df_raw)
             ^^^^^^^^^^^^^^^^^
  File "/home/airflow/.local/lib/python3.12/site-packages/airflow/decorators/base.py", line 373, in __call__
    op = self.operator_class(
         ^^^^^^^^^^^^^^^^^^^^
  File "/home/airflow/.local/lib/python3.12/site-packages/airflow/models/baseoperator.py", line 516, in apply_defaults
    self.set_xcomargs_dependencies()
  File "/home/airflow/.local/lib/python3.12/site-packages/airflow/models/baseoperator.py", line 1349, in set_xcomargs_dependencies
    XComArg.apply_upstream_relationship(self, arg)
  File "/home/airflow/.local/lib/python3.12/site-packages/airflow/models/xcom_arg.py", line 134, in apply_upstream_relationship
    op.set_upstream(operator)
  File "/home/airflow/.local/lib/python3.12/site-packages/airflow/models/taskmixin.py", line 271, in set_upstream
    self._set_relatives(task_or_task_list, upstream=True, edge_modifier=edge_modifier)
  File "/home/airflow/.local/lib/python3.12/site-packages/airflow/models/taskmixin.py", line 233, in _set_relatives
    raise AirflowException(
airflow.exceptions.AirflowException: Tried to create relationships between tasks that don't have DAGs yet. Set the DAG for at least one task and try again: [<Task(_PythonDecoratedOperator): transform>, <Task(_PythonDecoratedOperator): extract>]
[2025-10-23T06:54:48.370+0000] {processor.py:927} WARNING - No viable dags retrieved from /opt/airflow/dags/etl_retail.py
[2025-10-23T06:54:48.389+0000] {processor.py:208} INFO - Processing /opt/airflow/dags/etl_retail.py took 0.453 seconds
[2025-10-23T06:54:59.307+0000] {processor.py:186} INFO - Started process (PID=548) to work on /opt/airflow/dags/etl_retail.py
[2025-10-23T06:54:59.308+0000] {processor.py:914} INFO - Processing file /opt/airflow/dags/etl_retail.py for tasks to queue
[2025-10-23T06:54:59.310+0000] {logging_mixin.py:190} INFO - [2025-10-23T06:54:59.310+0000] {dagbag.py:588} INFO - Filling up the DagBag from /opt/airflow/dags/etl_retail.py
[2025-10-23T06:54:59.733+0000] {logging_mixin.py:190} INFO - [2025-10-23T06:54:59.729+0000] {dagbag.py:387} ERROR - Failed to import: /opt/airflow/dags/etl_retail.py
Traceback (most recent call last):
  File "/home/airflow/.local/lib/python3.12/site-packages/airflow/models/dagbag.py", line 383, in parse
    loader.exec_module(new_module)
  File "<frozen importlib._bootstrap_external>", line 999, in exec_module
  File "<frozen importlib._bootstrap>", line 488, in _call_with_frames_removed
  File "/opt/airflow/dags/etl_retail.py", line 47, in <module>
    tables = transform(df_raw)
             ^^^^^^^^^^^^^^^^^
  File "/home/airflow/.local/lib/python3.12/site-packages/airflow/decorators/base.py", line 373, in __call__
    op = self.operator_class(
         ^^^^^^^^^^^^^^^^^^^^
  File "/home/airflow/.local/lib/python3.12/site-packages/airflow/models/baseoperator.py", line 516, in apply_defaults
    self.set_xcomargs_dependencies()
  File "/home/airflow/.local/lib/python3.12/site-packages/airflow/models/baseoperator.py", line 1349, in set_xcomargs_dependencies
    XComArg.apply_upstream_relationship(self, arg)
  File "/home/airflow/.local/lib/python3.12/site-packages/airflow/models/xcom_arg.py", line 134, in apply_upstream_relationship
    op.set_upstream(operator)
  File "/home/airflow/.local/lib/python3.12/site-packages/airflow/models/taskmixin.py", line 271, in set_upstream
    self._set_relatives(task_or_task_list, upstream=True, edge_modifier=edge_modifier)
  File "/home/airflow/.local/lib/python3.12/site-packages/airflow/models/taskmixin.py", line 233, in _set_relatives
    raise AirflowException(
airflow.exceptions.AirflowException: Tried to create relationships between tasks that don't have DAGs yet. Set the DAG for at least one task and try again: [<Task(_PythonDecoratedOperator): transform>, <Task(_PythonDecoratedOperator): extract>]
[2025-10-23T06:54:59.734+0000] {processor.py:927} WARNING - No viable dags retrieved from /opt/airflow/dags/etl_retail.py
[2025-10-23T06:54:59.746+0000] {processor.py:208} INFO - Processing /opt/airflow/dags/etl_retail.py took 0.445 seconds
[2025-10-23T06:55:09.843+0000] {processor.py:186} INFO - Started process (PID=554) to work on /opt/airflow/dags/etl_retail.py
[2025-10-23T06:55:09.843+0000] {processor.py:914} INFO - Processing file /opt/airflow/dags/etl_retail.py for tasks to queue
[2025-10-23T06:55:09.845+0000] {logging_mixin.py:190} INFO - [2025-10-23T06:55:09.844+0000] {dagbag.py:588} INFO - Filling up the DagBag from /opt/airflow/dags/etl_retail.py
[2025-10-23T06:55:10.264+0000] {logging_mixin.py:190} INFO - [2025-10-23T06:55:10.260+0000] {dagbag.py:387} ERROR - Failed to import: /opt/airflow/dags/etl_retail.py
Traceback (most recent call last):
  File "/home/airflow/.local/lib/python3.12/site-packages/airflow/models/dagbag.py", line 383, in parse
    loader.exec_module(new_module)
  File "<frozen importlib._bootstrap_external>", line 999, in exec_module
  File "<frozen importlib._bootstrap>", line 488, in _call_with_frames_removed
  File "/opt/airflow/dags/etl_retail.py", line 47, in <module>
    tables = transform(df_raw)
             ^^^^^^^^^^^^^^^^^
  File "/home/airflow/.local/lib/python3.12/site-packages/airflow/decorators/base.py", line 373, in __call__
    op = self.operator_class(
         ^^^^^^^^^^^^^^^^^^^^
  File "/home/airflow/.local/lib/python3.12/site-packages/airflow/models/baseoperator.py", line 516, in apply_defaults
    self.set_xcomargs_dependencies()
  File "/home/airflow/.local/lib/python3.12/site-packages/airflow/models/baseoperator.py", line 1349, in set_xcomargs_dependencies
    XComArg.apply_upstream_relationship(self, arg)
  File "/home/airflow/.local/lib/python3.12/site-packages/airflow/models/xcom_arg.py", line 134, in apply_upstream_relationship
    op.set_upstream(operator)
  File "/home/airflow/.local/lib/python3.12/site-packages/airflow/models/taskmixin.py", line 271, in set_upstream
    self._set_relatives(task_or_task_list, upstream=True, edge_modifier=edge_modifier)
  File "/home/airflow/.local/lib/python3.12/site-packages/airflow/models/taskmixin.py", line 233, in _set_relatives
    raise AirflowException(
airflow.exceptions.AirflowException: Tried to create relationships between tasks that don't have DAGs yet. Set the DAG for at least one task and try again: [<Task(_PythonDecoratedOperator): transform>, <Task(_PythonDecoratedOperator): extract>]
[2025-10-23T06:55:10.265+0000] {processor.py:927} WARNING - No viable dags retrieved from /opt/airflow/dags/etl_retail.py
[2025-10-23T06:55:10.277+0000] {processor.py:208} INFO - Processing /opt/airflow/dags/etl_retail.py took 0.440 seconds
[2025-10-23T06:55:20.380+0000] {processor.py:186} INFO - Started process (PID=560) to work on /opt/airflow/dags/etl_retail.py
[2025-10-23T06:55:20.381+0000] {processor.py:914} INFO - Processing file /opt/airflow/dags/etl_retail.py for tasks to queue
[2025-10-23T06:55:20.382+0000] {logging_mixin.py:190} INFO - [2025-10-23T06:55:20.382+0000] {dagbag.py:588} INFO - Filling up the DagBag from /opt/airflow/dags/etl_retail.py
[2025-10-23T06:55:20.796+0000] {logging_mixin.py:190} INFO - [2025-10-23T06:55:20.793+0000] {dagbag.py:387} ERROR - Failed to import: /opt/airflow/dags/etl_retail.py
Traceback (most recent call last):
  File "/home/airflow/.local/lib/python3.12/site-packages/airflow/models/dagbag.py", line 383, in parse
    loader.exec_module(new_module)
  File "<frozen importlib._bootstrap_external>", line 999, in exec_module
  File "<frozen importlib._bootstrap>", line 488, in _call_with_frames_removed
  File "/opt/airflow/dags/etl_retail.py", line 47, in <module>
    tables = transform(df_raw)
             ^^^^^^^^^^^^^^^^^
  File "/home/airflow/.local/lib/python3.12/site-packages/airflow/decorators/base.py", line 373, in __call__
    op = self.operator_class(
         ^^^^^^^^^^^^^^^^^^^^
  File "/home/airflow/.local/lib/python3.12/site-packages/airflow/models/baseoperator.py", line 516, in apply_defaults
    self.set_xcomargs_dependencies()
  File "/home/airflow/.local/lib/python3.12/site-packages/airflow/models/baseoperator.py", line 1349, in set_xcomargs_dependencies
    XComArg.apply_upstream_relationship(self, arg)
  File "/home/airflow/.local/lib/python3.12/site-packages/airflow/models/xcom_arg.py", line 134, in apply_upstream_relationship
    op.set_upstream(operator)
  File "/home/airflow/.local/lib/python3.12/site-packages/airflow/models/taskmixin.py", line 271, in set_upstream
    self._set_relatives(task_or_task_list, upstream=True, edge_modifier=edge_modifier)
  File "/home/airflow/.local/lib/python3.12/site-packages/airflow/models/taskmixin.py", line 233, in _set_relatives
    raise AirflowException(
airflow.exceptions.AirflowException: Tried to create relationships between tasks that don't have DAGs yet. Set the DAG for at least one task and try again: [<Task(_PythonDecoratedOperator): transform>, <Task(_PythonDecoratedOperator): extract>]
[2025-10-23T06:55:20.797+0000] {processor.py:927} WARNING - No viable dags retrieved from /opt/airflow/dags/etl_retail.py
[2025-10-23T06:55:20.810+0000] {processor.py:208} INFO - Processing /opt/airflow/dags/etl_retail.py took 0.435 seconds
[2025-10-23T06:55:32.250+0000] {processor.py:186} INFO - Started process (PID=566) to work on /opt/airflow/dags/etl_retail.py
[2025-10-23T06:55:32.251+0000] {processor.py:914} INFO - Processing file /opt/airflow/dags/etl_retail.py for tasks to queue
[2025-10-23T06:55:32.252+0000] {logging_mixin.py:190} INFO - [2025-10-23T06:55:32.252+0000] {dagbag.py:588} INFO - Filling up the DagBag from /opt/airflow/dags/etl_retail.py
[2025-10-23T06:55:32.702+0000] {logging_mixin.py:190} INFO - [2025-10-23T06:55:32.698+0000] {dagbag.py:387} ERROR - Failed to import: /opt/airflow/dags/etl_retail.py
Traceback (most recent call last):
  File "/home/airflow/.local/lib/python3.12/site-packages/airflow/models/dagbag.py", line 383, in parse
    loader.exec_module(new_module)
  File "<frozen importlib._bootstrap_external>", line 999, in exec_module
  File "<frozen importlib._bootstrap>", line 488, in _call_with_frames_removed
  File "/opt/airflow/dags/etl_retail.py", line 47, in <module>
    tables = transform(df_raw)
             ^^^^^^^^^^^^^^^^^
  File "/home/airflow/.local/lib/python3.12/site-packages/airflow/decorators/base.py", line 373, in __call__
    op = self.operator_class(
         ^^^^^^^^^^^^^^^^^^^^
  File "/home/airflow/.local/lib/python3.12/site-packages/airflow/models/baseoperator.py", line 516, in apply_defaults
    self.set_xcomargs_dependencies()
  File "/home/airflow/.local/lib/python3.12/site-packages/airflow/models/baseoperator.py", line 1349, in set_xcomargs_dependencies
    XComArg.apply_upstream_relationship(self, arg)
  File "/home/airflow/.local/lib/python3.12/site-packages/airflow/models/xcom_arg.py", line 134, in apply_upstream_relationship
    op.set_upstream(operator)
  File "/home/airflow/.local/lib/python3.12/site-packages/airflow/models/taskmixin.py", line 271, in set_upstream
    self._set_relatives(task_or_task_list, upstream=True, edge_modifier=edge_modifier)
  File "/home/airflow/.local/lib/python3.12/site-packages/airflow/models/taskmixin.py", line 233, in _set_relatives
    raise AirflowException(
airflow.exceptions.AirflowException: Tried to create relationships between tasks that don't have DAGs yet. Set the DAG for at least one task and try again: [<Task(_PythonDecoratedOperator): transform>, <Task(_PythonDecoratedOperator): extract>]
[2025-10-23T06:55:32.702+0000] {processor.py:927} WARNING - No viable dags retrieved from /opt/airflow/dags/etl_retail.py
[2025-10-23T06:55:32.714+0000] {processor.py:208} INFO - Processing /opt/airflow/dags/etl_retail.py took 0.470 seconds
[2025-10-23T06:55:42.769+0000] {processor.py:186} INFO - Started process (PID=572) to work on /opt/airflow/dags/etl_retail.py
[2025-10-23T06:55:42.770+0000] {processor.py:914} INFO - Processing file /opt/airflow/dags/etl_retail.py for tasks to queue
[2025-10-23T06:55:42.772+0000] {logging_mixin.py:190} INFO - [2025-10-23T06:55:42.771+0000] {dagbag.py:588} INFO - Filling up the DagBag from /opt/airflow/dags/etl_retail.py
[2025-10-23T06:55:43.301+0000] {logging_mixin.py:190} INFO - [2025-10-23T06:55:43.297+0000] {dagbag.py:387} ERROR - Failed to import: /opt/airflow/dags/etl_retail.py
Traceback (most recent call last):
  File "/home/airflow/.local/lib/python3.12/site-packages/airflow/models/dagbag.py", line 383, in parse
    loader.exec_module(new_module)
  File "<frozen importlib._bootstrap_external>", line 999, in exec_module
  File "<frozen importlib._bootstrap>", line 488, in _call_with_frames_removed
  File "/opt/airflow/dags/etl_retail.py", line 47, in <module>
    tables = transform(df_raw)
             ^^^^^^^^^^^^^^^^^
  File "/home/airflow/.local/lib/python3.12/site-packages/airflow/decorators/base.py", line 373, in __call__
    op = self.operator_class(
         ^^^^^^^^^^^^^^^^^^^^
  File "/home/airflow/.local/lib/python3.12/site-packages/airflow/models/baseoperator.py", line 516, in apply_defaults
    self.set_xcomargs_dependencies()
  File "/home/airflow/.local/lib/python3.12/site-packages/airflow/models/baseoperator.py", line 1349, in set_xcomargs_dependencies
    XComArg.apply_upstream_relationship(self, arg)
  File "/home/airflow/.local/lib/python3.12/site-packages/airflow/models/xcom_arg.py", line 134, in apply_upstream_relationship
    op.set_upstream(operator)
  File "/home/airflow/.local/lib/python3.12/site-packages/airflow/models/taskmixin.py", line 271, in set_upstream
    self._set_relatives(task_or_task_list, upstream=True, edge_modifier=edge_modifier)
  File "/home/airflow/.local/lib/python3.12/site-packages/airflow/models/taskmixin.py", line 233, in _set_relatives
    raise AirflowException(
airflow.exceptions.AirflowException: Tried to create relationships between tasks that don't have DAGs yet. Set the DAG for at least one task and try again: [<Task(_PythonDecoratedOperator): transform>, <Task(_PythonDecoratedOperator): extract>]
[2025-10-23T06:55:43.302+0000] {processor.py:927} WARNING - No viable dags retrieved from /opt/airflow/dags/etl_retail.py
[2025-10-23T06:55:43.321+0000] {processor.py:208} INFO - Processing /opt/airflow/dags/etl_retail.py took 0.559 seconds
[2025-10-23T06:55:53.426+0000] {processor.py:186} INFO - Started process (PID=578) to work on /opt/airflow/dags/etl_retail.py
[2025-10-23T06:55:53.427+0000] {processor.py:914} INFO - Processing file /opt/airflow/dags/etl_retail.py for tasks to queue
[2025-10-23T06:55:53.428+0000] {logging_mixin.py:190} INFO - [2025-10-23T06:55:53.428+0000] {dagbag.py:588} INFO - Filling up the DagBag from /opt/airflow/dags/etl_retail.py
[2025-10-23T06:55:53.927+0000] {logging_mixin.py:190} INFO - [2025-10-23T06:55:53.923+0000] {dagbag.py:387} ERROR - Failed to import: /opt/airflow/dags/etl_retail.py
Traceback (most recent call last):
  File "/home/airflow/.local/lib/python3.12/site-packages/airflow/models/dagbag.py", line 383, in parse
    loader.exec_module(new_module)
  File "<frozen importlib._bootstrap_external>", line 999, in exec_module
  File "<frozen importlib._bootstrap>", line 488, in _call_with_frames_removed
  File "/opt/airflow/dags/etl_retail.py", line 47, in <module>
    tables = transform(df_raw)
             ^^^^^^^^^^^^^^^^^
  File "/home/airflow/.local/lib/python3.12/site-packages/airflow/decorators/base.py", line 373, in __call__
    op = self.operator_class(
         ^^^^^^^^^^^^^^^^^^^^
  File "/home/airflow/.local/lib/python3.12/site-packages/airflow/models/baseoperator.py", line 516, in apply_defaults
    self.set_xcomargs_dependencies()
  File "/home/airflow/.local/lib/python3.12/site-packages/airflow/models/baseoperator.py", line 1349, in set_xcomargs_dependencies
    XComArg.apply_upstream_relationship(self, arg)
  File "/home/airflow/.local/lib/python3.12/site-packages/airflow/models/xcom_arg.py", line 134, in apply_upstream_relationship
    op.set_upstream(operator)
  File "/home/airflow/.local/lib/python3.12/site-packages/airflow/models/taskmixin.py", line 271, in set_upstream
    self._set_relatives(task_or_task_list, upstream=True, edge_modifier=edge_modifier)
  File "/home/airflow/.local/lib/python3.12/site-packages/airflow/models/taskmixin.py", line 233, in _set_relatives
    raise AirflowException(
airflow.exceptions.AirflowException: Tried to create relationships between tasks that don't have DAGs yet. Set the DAG for at least one task and try again: [<Task(_PythonDecoratedOperator): transform>, <Task(_PythonDecoratedOperator): extract>]
[2025-10-23T06:55:53.928+0000] {processor.py:927} WARNING - No viable dags retrieved from /opt/airflow/dags/etl_retail.py
[2025-10-23T06:55:53.944+0000] {processor.py:208} INFO - Processing /opt/airflow/dags/etl_retail.py took 0.523 seconds
[2025-10-23T06:56:05.817+0000] {processor.py:186} INFO - Started process (PID=584) to work on /opt/airflow/dags/etl_retail.py
[2025-10-23T06:56:05.818+0000] {processor.py:914} INFO - Processing file /opt/airflow/dags/etl_retail.py for tasks to queue
[2025-10-23T06:56:05.819+0000] {logging_mixin.py:190} INFO - [2025-10-23T06:56:05.819+0000] {dagbag.py:588} INFO - Filling up the DagBag from /opt/airflow/dags/etl_retail.py
[2025-10-23T06:56:06.283+0000] {logging_mixin.py:190} INFO - [2025-10-23T06:56:06.276+0000] {dagbag.py:387} ERROR - Failed to import: /opt/airflow/dags/etl_retail.py
Traceback (most recent call last):
  File "/home/airflow/.local/lib/python3.12/site-packages/airflow/models/dagbag.py", line 383, in parse
    loader.exec_module(new_module)
  File "<frozen importlib._bootstrap_external>", line 999, in exec_module
  File "<frozen importlib._bootstrap>", line 488, in _call_with_frames_removed
  File "/opt/airflow/dags/etl_retail.py", line 47, in <module>
    tables = transform(df_raw)
             ^^^^^^^^^^^^^^^^^
  File "/home/airflow/.local/lib/python3.12/site-packages/airflow/decorators/base.py", line 373, in __call__
    op = self.operator_class(
         ^^^^^^^^^^^^^^^^^^^^
  File "/home/airflow/.local/lib/python3.12/site-packages/airflow/models/baseoperator.py", line 516, in apply_defaults
    self.set_xcomargs_dependencies()
  File "/home/airflow/.local/lib/python3.12/site-packages/airflow/models/baseoperator.py", line 1349, in set_xcomargs_dependencies
    XComArg.apply_upstream_relationship(self, arg)
  File "/home/airflow/.local/lib/python3.12/site-packages/airflow/models/xcom_arg.py", line 134, in apply_upstream_relationship
    op.set_upstream(operator)
  File "/home/airflow/.local/lib/python3.12/site-packages/airflow/models/taskmixin.py", line 271, in set_upstream
    self._set_relatives(task_or_task_list, upstream=True, edge_modifier=edge_modifier)
  File "/home/airflow/.local/lib/python3.12/site-packages/airflow/models/taskmixin.py", line 233, in _set_relatives
    raise AirflowException(
airflow.exceptions.AirflowException: Tried to create relationships between tasks that don't have DAGs yet. Set the DAG for at least one task and try again: [<Task(_PythonDecoratedOperator): transform>, <Task(_PythonDecoratedOperator): extract>]
[2025-10-23T06:56:06.284+0000] {processor.py:927} WARNING - No viable dags retrieved from /opt/airflow/dags/etl_retail.py
[2025-10-23T06:56:06.300+0000] {processor.py:208} INFO - Processing /opt/airflow/dags/etl_retail.py took 0.488 seconds
[2025-10-23T06:56:16.399+0000] {processor.py:186} INFO - Started process (PID=590) to work on /opt/airflow/dags/etl_retail.py
[2025-10-23T06:56:16.400+0000] {processor.py:914} INFO - Processing file /opt/airflow/dags/etl_retail.py for tasks to queue
[2025-10-23T06:56:16.402+0000] {logging_mixin.py:190} INFO - [2025-10-23T06:56:16.402+0000] {dagbag.py:588} INFO - Filling up the DagBag from /opt/airflow/dags/etl_retail.py
[2025-10-23T06:56:16.856+0000] {logging_mixin.py:190} INFO - [2025-10-23T06:56:16.852+0000] {dagbag.py:387} ERROR - Failed to import: /opt/airflow/dags/etl_retail.py
Traceback (most recent call last):
  File "/home/airflow/.local/lib/python3.12/site-packages/airflow/models/dagbag.py", line 383, in parse
    loader.exec_module(new_module)
  File "<frozen importlib._bootstrap_external>", line 999, in exec_module
  File "<frozen importlib._bootstrap>", line 488, in _call_with_frames_removed
  File "/opt/airflow/dags/etl_retail.py", line 47, in <module>
    tables = transform(df_raw)
             ^^^^^^^^^^^^^^^^^
  File "/home/airflow/.local/lib/python3.12/site-packages/airflow/decorators/base.py", line 373, in __call__
    op = self.operator_class(
         ^^^^^^^^^^^^^^^^^^^^
  File "/home/airflow/.local/lib/python3.12/site-packages/airflow/models/baseoperator.py", line 516, in apply_defaults
    self.set_xcomargs_dependencies()
  File "/home/airflow/.local/lib/python3.12/site-packages/airflow/models/baseoperator.py", line 1349, in set_xcomargs_dependencies
    XComArg.apply_upstream_relationship(self, arg)
  File "/home/airflow/.local/lib/python3.12/site-packages/airflow/models/xcom_arg.py", line 134, in apply_upstream_relationship
    op.set_upstream(operator)
  File "/home/airflow/.local/lib/python3.12/site-packages/airflow/models/taskmixin.py", line 271, in set_upstream
    self._set_relatives(task_or_task_list, upstream=True, edge_modifier=edge_modifier)
  File "/home/airflow/.local/lib/python3.12/site-packages/airflow/models/taskmixin.py", line 233, in _set_relatives
    raise AirflowException(
airflow.exceptions.AirflowException: Tried to create relationships between tasks that don't have DAGs yet. Set the DAG for at least one task and try again: [<Task(_PythonDecoratedOperator): transform>, <Task(_PythonDecoratedOperator): extract>]
[2025-10-23T06:56:16.857+0000] {processor.py:927} WARNING - No viable dags retrieved from /opt/airflow/dags/etl_retail.py
[2025-10-23T06:56:16.876+0000] {processor.py:208} INFO - Processing /opt/airflow/dags/etl_retail.py took 0.483 seconds
[2025-10-23T06:56:26.972+0000] {processor.py:186} INFO - Started process (PID=596) to work on /opt/airflow/dags/etl_retail.py
[2025-10-23T06:56:26.973+0000] {processor.py:914} INFO - Processing file /opt/airflow/dags/etl_retail.py for tasks to queue
[2025-10-23T06:56:26.974+0000] {logging_mixin.py:190} INFO - [2025-10-23T06:56:26.974+0000] {dagbag.py:588} INFO - Filling up the DagBag from /opt/airflow/dags/etl_retail.py
[2025-10-23T06:56:27.375+0000] {logging_mixin.py:190} INFO - [2025-10-23T06:56:27.371+0000] {dagbag.py:387} ERROR - Failed to import: /opt/airflow/dags/etl_retail.py
Traceback (most recent call last):
  File "/home/airflow/.local/lib/python3.12/site-packages/airflow/models/dagbag.py", line 383, in parse
    loader.exec_module(new_module)
  File "<frozen importlib._bootstrap_external>", line 999, in exec_module
  File "<frozen importlib._bootstrap>", line 488, in _call_with_frames_removed
  File "/opt/airflow/dags/etl_retail.py", line 47, in <module>
    tables = transform(df_raw)
             ^^^^^^^^^^^^^^^^^
  File "/home/airflow/.local/lib/python3.12/site-packages/airflow/decorators/base.py", line 373, in __call__
    op = self.operator_class(
         ^^^^^^^^^^^^^^^^^^^^
  File "/home/airflow/.local/lib/python3.12/site-packages/airflow/models/baseoperator.py", line 516, in apply_defaults
    self.set_xcomargs_dependencies()
  File "/home/airflow/.local/lib/python3.12/site-packages/airflow/models/baseoperator.py", line 1349, in set_xcomargs_dependencies
    XComArg.apply_upstream_relationship(self, arg)
  File "/home/airflow/.local/lib/python3.12/site-packages/airflow/models/xcom_arg.py", line 134, in apply_upstream_relationship
    op.set_upstream(operator)
  File "/home/airflow/.local/lib/python3.12/site-packages/airflow/models/taskmixin.py", line 271, in set_upstream
    self._set_relatives(task_or_task_list, upstream=True, edge_modifier=edge_modifier)
  File "/home/airflow/.local/lib/python3.12/site-packages/airflow/models/taskmixin.py", line 233, in _set_relatives
    raise AirflowException(
airflow.exceptions.AirflowException: Tried to create relationships between tasks that don't have DAGs yet. Set the DAG for at least one task and try again: [<Task(_PythonDecoratedOperator): transform>, <Task(_PythonDecoratedOperator): extract>]
[2025-10-23T06:56:27.376+0000] {processor.py:927} WARNING - No viable dags retrieved from /opt/airflow/dags/etl_retail.py
[2025-10-23T06:56:27.394+0000] {processor.py:208} INFO - Processing /opt/airflow/dags/etl_retail.py took 0.427 seconds
[2025-10-23T06:56:37.908+0000] {processor.py:186} INFO - Started process (PID=602) to work on /opt/airflow/dags/etl_retail.py
[2025-10-23T06:56:37.909+0000] {processor.py:914} INFO - Processing file /opt/airflow/dags/etl_retail.py for tasks to queue
[2025-10-23T06:56:37.910+0000] {logging_mixin.py:190} INFO - [2025-10-23T06:56:37.909+0000] {dagbag.py:588} INFO - Filling up the DagBag from /opt/airflow/dags/etl_retail.py
[2025-10-23T06:56:38.365+0000] {logging_mixin.py:190} INFO - [2025-10-23T06:56:38.359+0000] {dagbag.py:387} ERROR - Failed to import: /opt/airflow/dags/etl_retail.py
Traceback (most recent call last):
  File "/home/airflow/.local/lib/python3.12/site-packages/airflow/models/dagbag.py", line 383, in parse
    loader.exec_module(new_module)
  File "<frozen importlib._bootstrap_external>", line 999, in exec_module
  File "<frozen importlib._bootstrap>", line 488, in _call_with_frames_removed
  File "/opt/airflow/dags/etl_retail.py", line 47, in <module>
    tables = transform(df_raw)
             ^^^^^^^^^^^^^^^^^
  File "/home/airflow/.local/lib/python3.12/site-packages/airflow/decorators/base.py", line 373, in __call__
    op = self.operator_class(
         ^^^^^^^^^^^^^^^^^^^^
  File "/home/airflow/.local/lib/python3.12/site-packages/airflow/models/baseoperator.py", line 516, in apply_defaults
    self.set_xcomargs_dependencies()
  File "/home/airflow/.local/lib/python3.12/site-packages/airflow/models/baseoperator.py", line 1349, in set_xcomargs_dependencies
    XComArg.apply_upstream_relationship(self, arg)
  File "/home/airflow/.local/lib/python3.12/site-packages/airflow/models/xcom_arg.py", line 134, in apply_upstream_relationship
    op.set_upstream(operator)
  File "/home/airflow/.local/lib/python3.12/site-packages/airflow/models/taskmixin.py", line 271, in set_upstream
    self._set_relatives(task_or_task_list, upstream=True, edge_modifier=edge_modifier)
  File "/home/airflow/.local/lib/python3.12/site-packages/airflow/models/taskmixin.py", line 233, in _set_relatives
    raise AirflowException(
airflow.exceptions.AirflowException: Tried to create relationships between tasks that don't have DAGs yet. Set the DAG for at least one task and try again: [<Task(_PythonDecoratedOperator): transform>, <Task(_PythonDecoratedOperator): extract>]
[2025-10-23T06:56:38.366+0000] {processor.py:927} WARNING - No viable dags retrieved from /opt/airflow/dags/etl_retail.py
[2025-10-23T06:56:38.382+0000] {processor.py:208} INFO - Processing /opt/airflow/dags/etl_retail.py took 0.480 seconds
[2025-10-23T06:56:48.428+0000] {processor.py:186} INFO - Started process (PID=608) to work on /opt/airflow/dags/etl_retail.py
[2025-10-23T06:56:48.430+0000] {processor.py:914} INFO - Processing file /opt/airflow/dags/etl_retail.py for tasks to queue
[2025-10-23T06:56:48.433+0000] {logging_mixin.py:190} INFO - [2025-10-23T06:56:48.433+0000] {dagbag.py:588} INFO - Filling up the DagBag from /opt/airflow/dags/etl_retail.py
[2025-10-23T06:56:48.883+0000] {logging_mixin.py:190} INFO - [2025-10-23T06:56:48.880+0000] {dagbag.py:387} ERROR - Failed to import: /opt/airflow/dags/etl_retail.py
Traceback (most recent call last):
  File "/home/airflow/.local/lib/python3.12/site-packages/airflow/models/dagbag.py", line 383, in parse
    loader.exec_module(new_module)
  File "<frozen importlib._bootstrap_external>", line 999, in exec_module
  File "<frozen importlib._bootstrap>", line 488, in _call_with_frames_removed
  File "/opt/airflow/dags/etl_retail.py", line 47, in <module>
    tables = transform(df_raw)
             ^^^^^^^^^^^^^^^^^
  File "/home/airflow/.local/lib/python3.12/site-packages/airflow/decorators/base.py", line 373, in __call__
    op = self.operator_class(
         ^^^^^^^^^^^^^^^^^^^^
  File "/home/airflow/.local/lib/python3.12/site-packages/airflow/models/baseoperator.py", line 516, in apply_defaults
    self.set_xcomargs_dependencies()
  File "/home/airflow/.local/lib/python3.12/site-packages/airflow/models/baseoperator.py", line 1349, in set_xcomargs_dependencies
    XComArg.apply_upstream_relationship(self, arg)
  File "/home/airflow/.local/lib/python3.12/site-packages/airflow/models/xcom_arg.py", line 134, in apply_upstream_relationship
    op.set_upstream(operator)
  File "/home/airflow/.local/lib/python3.12/site-packages/airflow/models/taskmixin.py", line 271, in set_upstream
    self._set_relatives(task_or_task_list, upstream=True, edge_modifier=edge_modifier)
  File "/home/airflow/.local/lib/python3.12/site-packages/airflow/models/taskmixin.py", line 233, in _set_relatives
    raise AirflowException(
airflow.exceptions.AirflowException: Tried to create relationships between tasks that don't have DAGs yet. Set the DAG for at least one task and try again: [<Task(_PythonDecoratedOperator): transform>, <Task(_PythonDecoratedOperator): extract>]
[2025-10-23T06:56:48.884+0000] {processor.py:927} WARNING - No viable dags retrieved from /opt/airflow/dags/etl_retail.py
[2025-10-23T06:56:48.896+0000] {processor.py:208} INFO - Processing /opt/airflow/dags/etl_retail.py took 0.475 seconds
[2025-10-23T06:56:58.994+0000] {processor.py:186} INFO - Started process (PID=614) to work on /opt/airflow/dags/etl_retail.py
[2025-10-23T06:56:58.995+0000] {processor.py:914} INFO - Processing file /opt/airflow/dags/etl_retail.py for tasks to queue
[2025-10-23T06:56:58.996+0000] {logging_mixin.py:190} INFO - [2025-10-23T06:56:58.996+0000] {dagbag.py:588} INFO - Filling up the DagBag from /opt/airflow/dags/etl_retail.py
[2025-10-23T06:56:59.482+0000] {logging_mixin.py:190} INFO - [2025-10-23T06:56:59.477+0000] {dagbag.py:387} ERROR - Failed to import: /opt/airflow/dags/etl_retail.py
Traceback (most recent call last):
  File "/home/airflow/.local/lib/python3.12/site-packages/airflow/models/dagbag.py", line 383, in parse
    loader.exec_module(new_module)
  File "<frozen importlib._bootstrap_external>", line 999, in exec_module
  File "<frozen importlib._bootstrap>", line 488, in _call_with_frames_removed
  File "/opt/airflow/dags/etl_retail.py", line 47, in <module>
    tables = transform(df_raw)
             ^^^^^^^^^^^^^^^^^
  File "/home/airflow/.local/lib/python3.12/site-packages/airflow/decorators/base.py", line 373, in __call__
    op = self.operator_class(
         ^^^^^^^^^^^^^^^^^^^^
  File "/home/airflow/.local/lib/python3.12/site-packages/airflow/models/baseoperator.py", line 516, in apply_defaults
    self.set_xcomargs_dependencies()
  File "/home/airflow/.local/lib/python3.12/site-packages/airflow/models/baseoperator.py", line 1349, in set_xcomargs_dependencies
    XComArg.apply_upstream_relationship(self, arg)
  File "/home/airflow/.local/lib/python3.12/site-packages/airflow/models/xcom_arg.py", line 134, in apply_upstream_relationship
    op.set_upstream(operator)
  File "/home/airflow/.local/lib/python3.12/site-packages/airflow/models/taskmixin.py", line 271, in set_upstream
    self._set_relatives(task_or_task_list, upstream=True, edge_modifier=edge_modifier)
  File "/home/airflow/.local/lib/python3.12/site-packages/airflow/models/taskmixin.py", line 233, in _set_relatives
    raise AirflowException(
airflow.exceptions.AirflowException: Tried to create relationships between tasks that don't have DAGs yet. Set the DAG for at least one task and try again: [<Task(_PythonDecoratedOperator): transform>, <Task(_PythonDecoratedOperator): extract>]
[2025-10-23T06:56:59.483+0000] {processor.py:927} WARNING - No viable dags retrieved from /opt/airflow/dags/etl_retail.py
[2025-10-23T06:56:59.499+0000] {processor.py:208} INFO - Processing /opt/airflow/dags/etl_retail.py took 0.512 seconds
[2025-10-23T06:57:10.913+0000] {processor.py:186} INFO - Started process (PID=620) to work on /opt/airflow/dags/etl_retail.py
[2025-10-23T06:57:10.914+0000] {processor.py:914} INFO - Processing file /opt/airflow/dags/etl_retail.py for tasks to queue
[2025-10-23T06:57:10.915+0000] {logging_mixin.py:190} INFO - [2025-10-23T06:57:10.915+0000] {dagbag.py:588} INFO - Filling up the DagBag from /opt/airflow/dags/etl_retail.py
[2025-10-23T06:57:11.338+0000] {logging_mixin.py:190} INFO - [2025-10-23T06:57:11.335+0000] {dagbag.py:387} ERROR - Failed to import: /opt/airflow/dags/etl_retail.py
Traceback (most recent call last):
  File "/home/airflow/.local/lib/python3.12/site-packages/airflow/models/dagbag.py", line 383, in parse
    loader.exec_module(new_module)
  File "<frozen importlib._bootstrap_external>", line 999, in exec_module
  File "<frozen importlib._bootstrap>", line 488, in _call_with_frames_removed
  File "/opt/airflow/dags/etl_retail.py", line 47, in <module>
    tables = transform(df_raw)
             ^^^^^^^^^^^^^^^^^
  File "/home/airflow/.local/lib/python3.12/site-packages/airflow/decorators/base.py", line 373, in __call__
    op = self.operator_class(
         ^^^^^^^^^^^^^^^^^^^^
  File "/home/airflow/.local/lib/python3.12/site-packages/airflow/models/baseoperator.py", line 516, in apply_defaults
    self.set_xcomargs_dependencies()
  File "/home/airflow/.local/lib/python3.12/site-packages/airflow/models/baseoperator.py", line 1349, in set_xcomargs_dependencies
    XComArg.apply_upstream_relationship(self, arg)
  File "/home/airflow/.local/lib/python3.12/site-packages/airflow/models/xcom_arg.py", line 134, in apply_upstream_relationship
    op.set_upstream(operator)
  File "/home/airflow/.local/lib/python3.12/site-packages/airflow/models/taskmixin.py", line 271, in set_upstream
    self._set_relatives(task_or_task_list, upstream=True, edge_modifier=edge_modifier)
  File "/home/airflow/.local/lib/python3.12/site-packages/airflow/models/taskmixin.py", line 233, in _set_relatives
    raise AirflowException(
airflow.exceptions.AirflowException: Tried to create relationships between tasks that don't have DAGs yet. Set the DAG for at least one task and try again: [<Task(_PythonDecoratedOperator): transform>, <Task(_PythonDecoratedOperator): extract>]
[2025-10-23T06:57:11.339+0000] {processor.py:927} WARNING - No viable dags retrieved from /opt/airflow/dags/etl_retail.py
[2025-10-23T06:57:11.358+0000] {processor.py:208} INFO - Processing /opt/airflow/dags/etl_retail.py took 0.451 seconds
[2025-10-23T06:57:21.459+0000] {processor.py:186} INFO - Started process (PID=626) to work on /opt/airflow/dags/etl_retail.py
[2025-10-23T06:57:21.460+0000] {processor.py:914} INFO - Processing file /opt/airflow/dags/etl_retail.py for tasks to queue
[2025-10-23T06:57:21.461+0000] {logging_mixin.py:190} INFO - [2025-10-23T06:57:21.461+0000] {dagbag.py:588} INFO - Filling up the DagBag from /opt/airflow/dags/etl_retail.py
[2025-10-23T06:57:21.912+0000] {logging_mixin.py:190} INFO - [2025-10-23T06:57:21.908+0000] {dagbag.py:387} ERROR - Failed to import: /opt/airflow/dags/etl_retail.py
Traceback (most recent call last):
  File "/home/airflow/.local/lib/python3.12/site-packages/airflow/models/dagbag.py", line 383, in parse
    loader.exec_module(new_module)
  File "<frozen importlib._bootstrap_external>", line 999, in exec_module
  File "<frozen importlib._bootstrap>", line 488, in _call_with_frames_removed
  File "/opt/airflow/dags/etl_retail.py", line 47, in <module>
    tables = transform(df_raw)
             ^^^^^^^^^^^^^^^^^
  File "/home/airflow/.local/lib/python3.12/site-packages/airflow/decorators/base.py", line 373, in __call__
    op = self.operator_class(
         ^^^^^^^^^^^^^^^^^^^^
  File "/home/airflow/.local/lib/python3.12/site-packages/airflow/models/baseoperator.py", line 516, in apply_defaults
    self.set_xcomargs_dependencies()
  File "/home/airflow/.local/lib/python3.12/site-packages/airflow/models/baseoperator.py", line 1349, in set_xcomargs_dependencies
    XComArg.apply_upstream_relationship(self, arg)
  File "/home/airflow/.local/lib/python3.12/site-packages/airflow/models/xcom_arg.py", line 134, in apply_upstream_relationship
    op.set_upstream(operator)
  File "/home/airflow/.local/lib/python3.12/site-packages/airflow/models/taskmixin.py", line 271, in set_upstream
    self._set_relatives(task_or_task_list, upstream=True, edge_modifier=edge_modifier)
  File "/home/airflow/.local/lib/python3.12/site-packages/airflow/models/taskmixin.py", line 233, in _set_relatives
    raise AirflowException(
airflow.exceptions.AirflowException: Tried to create relationships between tasks that don't have DAGs yet. Set the DAG for at least one task and try again: [<Task(_PythonDecoratedOperator): transform>, <Task(_PythonDecoratedOperator): extract>]
[2025-10-23T06:57:21.913+0000] {processor.py:927} WARNING - No viable dags retrieved from /opt/airflow/dags/etl_retail.py
[2025-10-23T06:57:21.927+0000] {processor.py:208} INFO - Processing /opt/airflow/dags/etl_retail.py took 0.474 seconds
[2025-10-23T06:57:32.031+0000] {processor.py:186} INFO - Started process (PID=632) to work on /opt/airflow/dags/etl_retail.py
[2025-10-23T06:57:32.032+0000] {processor.py:914} INFO - Processing file /opt/airflow/dags/etl_retail.py for tasks to queue
[2025-10-23T06:57:32.033+0000] {logging_mixin.py:190} INFO - [2025-10-23T06:57:32.033+0000] {dagbag.py:588} INFO - Filling up the DagBag from /opt/airflow/dags/etl_retail.py
[2025-10-23T06:57:32.455+0000] {logging_mixin.py:190} INFO - [2025-10-23T06:57:32.451+0000] {dagbag.py:387} ERROR - Failed to import: /opt/airflow/dags/etl_retail.py
Traceback (most recent call last):
  File "/home/airflow/.local/lib/python3.12/site-packages/airflow/models/dagbag.py", line 383, in parse
    loader.exec_module(new_module)
  File "<frozen importlib._bootstrap_external>", line 999, in exec_module
  File "<frozen importlib._bootstrap>", line 488, in _call_with_frames_removed
  File "/opt/airflow/dags/etl_retail.py", line 47, in <module>
    tables = transform(df_raw)
             ^^^^^^^^^^^^^^^^^
  File "/home/airflow/.local/lib/python3.12/site-packages/airflow/decorators/base.py", line 373, in __call__
    op = self.operator_class(
         ^^^^^^^^^^^^^^^^^^^^
  File "/home/airflow/.local/lib/python3.12/site-packages/airflow/models/baseoperator.py", line 516, in apply_defaults
    self.set_xcomargs_dependencies()
  File "/home/airflow/.local/lib/python3.12/site-packages/airflow/models/baseoperator.py", line 1349, in set_xcomargs_dependencies
    XComArg.apply_upstream_relationship(self, arg)
  File "/home/airflow/.local/lib/python3.12/site-packages/airflow/models/xcom_arg.py", line 134, in apply_upstream_relationship
    op.set_upstream(operator)
  File "/home/airflow/.local/lib/python3.12/site-packages/airflow/models/taskmixin.py", line 271, in set_upstream
    self._set_relatives(task_or_task_list, upstream=True, edge_modifier=edge_modifier)
  File "/home/airflow/.local/lib/python3.12/site-packages/airflow/models/taskmixin.py", line 233, in _set_relatives
    raise AirflowException(
airflow.exceptions.AirflowException: Tried to create relationships between tasks that don't have DAGs yet. Set the DAG for at least one task and try again: [<Task(_PythonDecoratedOperator): transform>, <Task(_PythonDecoratedOperator): extract>]
[2025-10-23T06:57:32.456+0000] {processor.py:927} WARNING - No viable dags retrieved from /opt/airflow/dags/etl_retail.py
[2025-10-23T06:57:32.476+0000] {processor.py:208} INFO - Processing /opt/airflow/dags/etl_retail.py took 0.451 seconds
[2025-10-23T06:57:43.929+0000] {processor.py:186} INFO - Started process (PID=638) to work on /opt/airflow/dags/etl_retail.py
[2025-10-23T06:57:43.931+0000] {processor.py:914} INFO - Processing file /opt/airflow/dags/etl_retail.py for tasks to queue
[2025-10-23T06:57:43.932+0000] {logging_mixin.py:190} INFO - [2025-10-23T06:57:43.932+0000] {dagbag.py:588} INFO - Filling up the DagBag from /opt/airflow/dags/etl_retail.py
[2025-10-23T06:57:44.389+0000] {logging_mixin.py:190} INFO - [2025-10-23T06:57:44.385+0000] {dagbag.py:387} ERROR - Failed to import: /opt/airflow/dags/etl_retail.py
Traceback (most recent call last):
  File "/home/airflow/.local/lib/python3.12/site-packages/airflow/models/dagbag.py", line 383, in parse
    loader.exec_module(new_module)
  File "<frozen importlib._bootstrap_external>", line 999, in exec_module
  File "<frozen importlib._bootstrap>", line 488, in _call_with_frames_removed
  File "/opt/airflow/dags/etl_retail.py", line 47, in <module>
    tables = transform(df_raw)
             ^^^^^^^^^^^^^^^^^
  File "/home/airflow/.local/lib/python3.12/site-packages/airflow/decorators/base.py", line 373, in __call__
    op = self.operator_class(
         ^^^^^^^^^^^^^^^^^^^^
  File "/home/airflow/.local/lib/python3.12/site-packages/airflow/models/baseoperator.py", line 516, in apply_defaults
    self.set_xcomargs_dependencies()
  File "/home/airflow/.local/lib/python3.12/site-packages/airflow/models/baseoperator.py", line 1349, in set_xcomargs_dependencies
    XComArg.apply_upstream_relationship(self, arg)
  File "/home/airflow/.local/lib/python3.12/site-packages/airflow/models/xcom_arg.py", line 134, in apply_upstream_relationship
    op.set_upstream(operator)
  File "/home/airflow/.local/lib/python3.12/site-packages/airflow/models/taskmixin.py", line 271, in set_upstream
    self._set_relatives(task_or_task_list, upstream=True, edge_modifier=edge_modifier)
  File "/home/airflow/.local/lib/python3.12/site-packages/airflow/models/taskmixin.py", line 233, in _set_relatives
    raise AirflowException(
airflow.exceptions.AirflowException: Tried to create relationships between tasks that don't have DAGs yet. Set the DAG for at least one task and try again: [<Task(_PythonDecoratedOperator): transform>, <Task(_PythonDecoratedOperator): extract>]
[2025-10-23T06:57:44.389+0000] {processor.py:927} WARNING - No viable dags retrieved from /opt/airflow/dags/etl_retail.py
[2025-10-23T06:57:44.409+0000] {processor.py:208} INFO - Processing /opt/airflow/dags/etl_retail.py took 0.486 seconds
[2025-10-23T06:57:54.467+0000] {processor.py:186} INFO - Started process (PID=644) to work on /opt/airflow/dags/etl_retail.py
[2025-10-23T06:57:54.468+0000] {processor.py:914} INFO - Processing file /opt/airflow/dags/etl_retail.py for tasks to queue
[2025-10-23T06:57:54.470+0000] {logging_mixin.py:190} INFO - [2025-10-23T06:57:54.469+0000] {dagbag.py:588} INFO - Filling up the DagBag from /opt/airflow/dags/etl_retail.py
[2025-10-23T06:57:54.892+0000] {logging_mixin.py:190} INFO - [2025-10-23T06:57:54.888+0000] {dagbag.py:387} ERROR - Failed to import: /opt/airflow/dags/etl_retail.py
Traceback (most recent call last):
  File "/home/airflow/.local/lib/python3.12/site-packages/airflow/models/dagbag.py", line 383, in parse
    loader.exec_module(new_module)
  File "<frozen importlib._bootstrap_external>", line 999, in exec_module
  File "<frozen importlib._bootstrap>", line 488, in _call_with_frames_removed
  File "/opt/airflow/dags/etl_retail.py", line 47, in <module>
    tables = transform(df_raw)
             ^^^^^^^^^^^^^^^^^
  File "/home/airflow/.local/lib/python3.12/site-packages/airflow/decorators/base.py", line 373, in __call__
    op = self.operator_class(
         ^^^^^^^^^^^^^^^^^^^^
  File "/home/airflow/.local/lib/python3.12/site-packages/airflow/models/baseoperator.py", line 516, in apply_defaults
    self.set_xcomargs_dependencies()
  File "/home/airflow/.local/lib/python3.12/site-packages/airflow/models/baseoperator.py", line 1349, in set_xcomargs_dependencies
    XComArg.apply_upstream_relationship(self, arg)
  File "/home/airflow/.local/lib/python3.12/site-packages/airflow/models/xcom_arg.py", line 134, in apply_upstream_relationship
    op.set_upstream(operator)
  File "/home/airflow/.local/lib/python3.12/site-packages/airflow/models/taskmixin.py", line 271, in set_upstream
    self._set_relatives(task_or_task_list, upstream=True, edge_modifier=edge_modifier)
  File "/home/airflow/.local/lib/python3.12/site-packages/airflow/models/taskmixin.py", line 233, in _set_relatives
    raise AirflowException(
airflow.exceptions.AirflowException: Tried to create relationships between tasks that don't have DAGs yet. Set the DAG for at least one task and try again: [<Task(_PythonDecoratedOperator): transform>, <Task(_PythonDecoratedOperator): extract>]
[2025-10-23T06:57:54.892+0000] {processor.py:927} WARNING - No viable dags retrieved from /opt/airflow/dags/etl_retail.py
[2025-10-23T06:57:54.910+0000] {processor.py:208} INFO - Processing /opt/airflow/dags/etl_retail.py took 0.449 seconds
[2025-10-23T06:58:05.011+0000] {processor.py:186} INFO - Started process (PID=650) to work on /opt/airflow/dags/etl_retail.py
[2025-10-23T06:58:05.012+0000] {processor.py:914} INFO - Processing file /opt/airflow/dags/etl_retail.py for tasks to queue
[2025-10-23T06:58:05.013+0000] {logging_mixin.py:190} INFO - [2025-10-23T06:58:05.013+0000] {dagbag.py:588} INFO - Filling up the DagBag from /opt/airflow/dags/etl_retail.py
[2025-10-23T06:58:05.436+0000] {logging_mixin.py:190} INFO - [2025-10-23T06:58:05.431+0000] {dagbag.py:387} ERROR - Failed to import: /opt/airflow/dags/etl_retail.py
Traceback (most recent call last):
  File "/home/airflow/.local/lib/python3.12/site-packages/airflow/models/dagbag.py", line 383, in parse
    loader.exec_module(new_module)
  File "<frozen importlib._bootstrap_external>", line 999, in exec_module
  File "<frozen importlib._bootstrap>", line 488, in _call_with_frames_removed
  File "/opt/airflow/dags/etl_retail.py", line 47, in <module>
    tables = transform(df_raw)
             ^^^^^^^^^^^^^^^^^
  File "/home/airflow/.local/lib/python3.12/site-packages/airflow/decorators/base.py", line 373, in __call__
    op = self.operator_class(
         ^^^^^^^^^^^^^^^^^^^^
  File "/home/airflow/.local/lib/python3.12/site-packages/airflow/models/baseoperator.py", line 516, in apply_defaults
    self.set_xcomargs_dependencies()
  File "/home/airflow/.local/lib/python3.12/site-packages/airflow/models/baseoperator.py", line 1349, in set_xcomargs_dependencies
    XComArg.apply_upstream_relationship(self, arg)
  File "/home/airflow/.local/lib/python3.12/site-packages/airflow/models/xcom_arg.py", line 134, in apply_upstream_relationship
    op.set_upstream(operator)
  File "/home/airflow/.local/lib/python3.12/site-packages/airflow/models/taskmixin.py", line 271, in set_upstream
    self._set_relatives(task_or_task_list, upstream=True, edge_modifier=edge_modifier)
  File "/home/airflow/.local/lib/python3.12/site-packages/airflow/models/taskmixin.py", line 233, in _set_relatives
    raise AirflowException(
airflow.exceptions.AirflowException: Tried to create relationships between tasks that don't have DAGs yet. Set the DAG for at least one task and try again: [<Task(_PythonDecoratedOperator): transform>, <Task(_PythonDecoratedOperator): extract>]
[2025-10-23T06:58:05.437+0000] {processor.py:927} WARNING - No viable dags retrieved from /opt/airflow/dags/etl_retail.py
[2025-10-23T06:58:05.455+0000] {processor.py:208} INFO - Processing /opt/airflow/dags/etl_retail.py took 0.450 seconds
[2025-10-23T06:58:16.471+0000] {processor.py:186} INFO - Started process (PID=656) to work on /opt/airflow/dags/etl_retail.py
[2025-10-23T06:58:16.471+0000] {processor.py:914} INFO - Processing file /opt/airflow/dags/etl_retail.py for tasks to queue
[2025-10-23T06:58:16.473+0000] {logging_mixin.py:190} INFO - [2025-10-23T06:58:16.472+0000] {dagbag.py:588} INFO - Filling up the DagBag from /opt/airflow/dags/etl_retail.py
[2025-10-23T06:58:16.916+0000] {logging_mixin.py:190} INFO - [2025-10-23T06:58:16.912+0000] {dagbag.py:387} ERROR - Failed to import: /opt/airflow/dags/etl_retail.py
Traceback (most recent call last):
  File "/home/airflow/.local/lib/python3.12/site-packages/airflow/models/dagbag.py", line 383, in parse
    loader.exec_module(new_module)
  File "<frozen importlib._bootstrap_external>", line 999, in exec_module
  File "<frozen importlib._bootstrap>", line 488, in _call_with_frames_removed
  File "/opt/airflow/dags/etl_retail.py", line 47, in <module>
    tables = transform(df_raw)
             ^^^^^^^^^^^^^^^^^
  File "/home/airflow/.local/lib/python3.12/site-packages/airflow/decorators/base.py", line 373, in __call__
    op = self.operator_class(
         ^^^^^^^^^^^^^^^^^^^^
  File "/home/airflow/.local/lib/python3.12/site-packages/airflow/models/baseoperator.py", line 516, in apply_defaults
    self.set_xcomargs_dependencies()
  File "/home/airflow/.local/lib/python3.12/site-packages/airflow/models/baseoperator.py", line 1349, in set_xcomargs_dependencies
    XComArg.apply_upstream_relationship(self, arg)
  File "/home/airflow/.local/lib/python3.12/site-packages/airflow/models/xcom_arg.py", line 134, in apply_upstream_relationship
    op.set_upstream(operator)
  File "/home/airflow/.local/lib/python3.12/site-packages/airflow/models/taskmixin.py", line 271, in set_upstream
    self._set_relatives(task_or_task_list, upstream=True, edge_modifier=edge_modifier)
  File "/home/airflow/.local/lib/python3.12/site-packages/airflow/models/taskmixin.py", line 233, in _set_relatives
    raise AirflowException(
airflow.exceptions.AirflowException: Tried to create relationships between tasks that don't have DAGs yet. Set the DAG for at least one task and try again: [<Task(_PythonDecoratedOperator): transform>, <Task(_PythonDecoratedOperator): extract>]
[2025-10-23T06:58:16.916+0000] {processor.py:927} WARNING - No viable dags retrieved from /opt/airflow/dags/etl_retail.py
[2025-10-23T06:58:16.929+0000] {processor.py:208} INFO - Processing /opt/airflow/dags/etl_retail.py took 0.465 seconds
[2025-10-23T06:58:27.024+0000] {processor.py:186} INFO - Started process (PID=662) to work on /opt/airflow/dags/etl_retail.py
[2025-10-23T06:58:27.025+0000] {processor.py:914} INFO - Processing file /opt/airflow/dags/etl_retail.py for tasks to queue
[2025-10-23T06:58:27.026+0000] {logging_mixin.py:190} INFO - [2025-10-23T06:58:27.026+0000] {dagbag.py:588} INFO - Filling up the DagBag from /opt/airflow/dags/etl_retail.py
[2025-10-23T06:58:27.528+0000] {logging_mixin.py:190} INFO - [2025-10-23T06:58:27.523+0000] {dagbag.py:387} ERROR - Failed to import: /opt/airflow/dags/etl_retail.py
Traceback (most recent call last):
  File "/home/airflow/.local/lib/python3.12/site-packages/airflow/models/dagbag.py", line 383, in parse
    loader.exec_module(new_module)
  File "<frozen importlib._bootstrap_external>", line 999, in exec_module
  File "<frozen importlib._bootstrap>", line 488, in _call_with_frames_removed
  File "/opt/airflow/dags/etl_retail.py", line 47, in <module>
    tables = transform(df_raw)
             ^^^^^^^^^^^^^^^^^
  File "/home/airflow/.local/lib/python3.12/site-packages/airflow/decorators/base.py", line 373, in __call__
    op = self.operator_class(
         ^^^^^^^^^^^^^^^^^^^^
  File "/home/airflow/.local/lib/python3.12/site-packages/airflow/models/baseoperator.py", line 516, in apply_defaults
    self.set_xcomargs_dependencies()
  File "/home/airflow/.local/lib/python3.12/site-packages/airflow/models/baseoperator.py", line 1349, in set_xcomargs_dependencies
    XComArg.apply_upstream_relationship(self, arg)
  File "/home/airflow/.local/lib/python3.12/site-packages/airflow/models/xcom_arg.py", line 134, in apply_upstream_relationship
    op.set_upstream(operator)
  File "/home/airflow/.local/lib/python3.12/site-packages/airflow/models/taskmixin.py", line 271, in set_upstream
    self._set_relatives(task_or_task_list, upstream=True, edge_modifier=edge_modifier)
  File "/home/airflow/.local/lib/python3.12/site-packages/airflow/models/taskmixin.py", line 233, in _set_relatives
    raise AirflowException(
airflow.exceptions.AirflowException: Tried to create relationships between tasks that don't have DAGs yet. Set the DAG for at least one task and try again: [<Task(_PythonDecoratedOperator): transform>, <Task(_PythonDecoratedOperator): extract>]
[2025-10-23T06:58:27.529+0000] {processor.py:927} WARNING - No viable dags retrieved from /opt/airflow/dags/etl_retail.py
[2025-10-23T06:58:27.551+0000] {processor.py:208} INFO - Processing /opt/airflow/dags/etl_retail.py took 0.533 seconds
[2025-10-23T06:58:37.598+0000] {processor.py:186} INFO - Started process (PID=668) to work on /opt/airflow/dags/etl_retail.py
[2025-10-23T06:58:37.599+0000] {processor.py:914} INFO - Processing file /opt/airflow/dags/etl_retail.py for tasks to queue
[2025-10-23T06:58:37.601+0000] {logging_mixin.py:190} INFO - [2025-10-23T06:58:37.601+0000] {dagbag.py:588} INFO - Filling up the DagBag from /opt/airflow/dags/etl_retail.py
[2025-10-23T06:58:38.044+0000] {logging_mixin.py:190} INFO - [2025-10-23T06:58:38.040+0000] {dagbag.py:387} ERROR - Failed to import: /opt/airflow/dags/etl_retail.py
Traceback (most recent call last):
  File "/home/airflow/.local/lib/python3.12/site-packages/airflow/models/dagbag.py", line 383, in parse
    loader.exec_module(new_module)
  File "<frozen importlib._bootstrap_external>", line 999, in exec_module
  File "<frozen importlib._bootstrap>", line 488, in _call_with_frames_removed
  File "/opt/airflow/dags/etl_retail.py", line 47, in <module>
    tables = transform(df_raw)
             ^^^^^^^^^^^^^^^^^
  File "/home/airflow/.local/lib/python3.12/site-packages/airflow/decorators/base.py", line 373, in __call__
    op = self.operator_class(
         ^^^^^^^^^^^^^^^^^^^^
  File "/home/airflow/.local/lib/python3.12/site-packages/airflow/models/baseoperator.py", line 516, in apply_defaults
    self.set_xcomargs_dependencies()
  File "/home/airflow/.local/lib/python3.12/site-packages/airflow/models/baseoperator.py", line 1349, in set_xcomargs_dependencies
    XComArg.apply_upstream_relationship(self, arg)
  File "/home/airflow/.local/lib/python3.12/site-packages/airflow/models/xcom_arg.py", line 134, in apply_upstream_relationship
    op.set_upstream(operator)
  File "/home/airflow/.local/lib/python3.12/site-packages/airflow/models/taskmixin.py", line 271, in set_upstream
    self._set_relatives(task_or_task_list, upstream=True, edge_modifier=edge_modifier)
  File "/home/airflow/.local/lib/python3.12/site-packages/airflow/models/taskmixin.py", line 233, in _set_relatives
    raise AirflowException(
airflow.exceptions.AirflowException: Tried to create relationships between tasks that don't have DAGs yet. Set the DAG for at least one task and try again: [<Task(_PythonDecoratedOperator): transform>, <Task(_PythonDecoratedOperator): extract>]
[2025-10-23T06:58:38.045+0000] {processor.py:927} WARNING - No viable dags retrieved from /opt/airflow/dags/etl_retail.py
[2025-10-23T06:58:38.059+0000] {processor.py:208} INFO - Processing /opt/airflow/dags/etl_retail.py took 0.467 seconds
[2025-10-23T06:58:49.568+0000] {processor.py:186} INFO - Started process (PID=674) to work on /opt/airflow/dags/etl_retail.py
[2025-10-23T06:58:49.568+0000] {processor.py:914} INFO - Processing file /opt/airflow/dags/etl_retail.py for tasks to queue
[2025-10-23T06:58:49.570+0000] {logging_mixin.py:190} INFO - [2025-10-23T06:58:49.569+0000] {dagbag.py:588} INFO - Filling up the DagBag from /opt/airflow/dags/etl_retail.py
[2025-10-23T06:58:50.012+0000] {logging_mixin.py:190} INFO - [2025-10-23T06:58:50.008+0000] {dagbag.py:387} ERROR - Failed to import: /opt/airflow/dags/etl_retail.py
Traceback (most recent call last):
  File "/home/airflow/.local/lib/python3.12/site-packages/airflow/models/dagbag.py", line 383, in parse
    loader.exec_module(new_module)
  File "<frozen importlib._bootstrap_external>", line 999, in exec_module
  File "<frozen importlib._bootstrap>", line 488, in _call_with_frames_removed
  File "/opt/airflow/dags/etl_retail.py", line 47, in <module>
    tables = transform(df_raw)
             ^^^^^^^^^^^^^^^^^
  File "/home/airflow/.local/lib/python3.12/site-packages/airflow/decorators/base.py", line 373, in __call__
    op = self.operator_class(
         ^^^^^^^^^^^^^^^^^^^^
  File "/home/airflow/.local/lib/python3.12/site-packages/airflow/models/baseoperator.py", line 516, in apply_defaults
    self.set_xcomargs_dependencies()
  File "/home/airflow/.local/lib/python3.12/site-packages/airflow/models/baseoperator.py", line 1349, in set_xcomargs_dependencies
    XComArg.apply_upstream_relationship(self, arg)
  File "/home/airflow/.local/lib/python3.12/site-packages/airflow/models/xcom_arg.py", line 134, in apply_upstream_relationship
    op.set_upstream(operator)
  File "/home/airflow/.local/lib/python3.12/site-packages/airflow/models/taskmixin.py", line 271, in set_upstream
    self._set_relatives(task_or_task_list, upstream=True, edge_modifier=edge_modifier)
  File "/home/airflow/.local/lib/python3.12/site-packages/airflow/models/taskmixin.py", line 233, in _set_relatives
    raise AirflowException(
airflow.exceptions.AirflowException: Tried to create relationships between tasks that don't have DAGs yet. Set the DAG for at least one task and try again: [<Task(_PythonDecoratedOperator): transform>, <Task(_PythonDecoratedOperator): extract>]
[2025-10-23T06:58:50.012+0000] {processor.py:927} WARNING - No viable dags retrieved from /opt/airflow/dags/etl_retail.py
[2025-10-23T06:58:50.025+0000] {processor.py:208} INFO - Processing /opt/airflow/dags/etl_retail.py took 0.462 seconds
[2025-10-23T06:59:00.079+0000] {processor.py:186} INFO - Started process (PID=680) to work on /opt/airflow/dags/etl_retail.py
[2025-10-23T06:59:00.080+0000] {processor.py:914} INFO - Processing file /opt/airflow/dags/etl_retail.py for tasks to queue
[2025-10-23T06:59:00.081+0000] {logging_mixin.py:190} INFO - [2025-10-23T06:59:00.081+0000] {dagbag.py:588} INFO - Filling up the DagBag from /opt/airflow/dags/etl_retail.py
[2025-10-23T06:59:00.529+0000] {logging_mixin.py:190} INFO - [2025-10-23T06:59:00.525+0000] {dagbag.py:387} ERROR - Failed to import: /opt/airflow/dags/etl_retail.py
Traceback (most recent call last):
  File "/home/airflow/.local/lib/python3.12/site-packages/airflow/models/dagbag.py", line 383, in parse
    loader.exec_module(new_module)
  File "<frozen importlib._bootstrap_external>", line 999, in exec_module
  File "<frozen importlib._bootstrap>", line 488, in _call_with_frames_removed
  File "/opt/airflow/dags/etl_retail.py", line 47, in <module>
    tables = transform(df_raw)
             ^^^^^^^^^^^^^^^^^
  File "/home/airflow/.local/lib/python3.12/site-packages/airflow/decorators/base.py", line 373, in __call__
    op = self.operator_class(
         ^^^^^^^^^^^^^^^^^^^^
  File "/home/airflow/.local/lib/python3.12/site-packages/airflow/models/baseoperator.py", line 516, in apply_defaults
    self.set_xcomargs_dependencies()
  File "/home/airflow/.local/lib/python3.12/site-packages/airflow/models/baseoperator.py", line 1349, in set_xcomargs_dependencies
    XComArg.apply_upstream_relationship(self, arg)
  File "/home/airflow/.local/lib/python3.12/site-packages/airflow/models/xcom_arg.py", line 134, in apply_upstream_relationship
    op.set_upstream(operator)
  File "/home/airflow/.local/lib/python3.12/site-packages/airflow/models/taskmixin.py", line 271, in set_upstream
    self._set_relatives(task_or_task_list, upstream=True, edge_modifier=edge_modifier)
  File "/home/airflow/.local/lib/python3.12/site-packages/airflow/models/taskmixin.py", line 233, in _set_relatives
    raise AirflowException(
airflow.exceptions.AirflowException: Tried to create relationships between tasks that don't have DAGs yet. Set the DAG for at least one task and try again: [<Task(_PythonDecoratedOperator): transform>, <Task(_PythonDecoratedOperator): extract>]
[2025-10-23T06:59:00.530+0000] {processor.py:927} WARNING - No viable dags retrieved from /opt/airflow/dags/etl_retail.py
[2025-10-23T06:59:00.550+0000] {processor.py:208} INFO - Processing /opt/airflow/dags/etl_retail.py took 0.478 seconds
[2025-10-23T06:59:10.644+0000] {processor.py:186} INFO - Started process (PID=686) to work on /opt/airflow/dags/etl_retail.py
[2025-10-23T06:59:10.645+0000] {processor.py:914} INFO - Processing file /opt/airflow/dags/etl_retail.py for tasks to queue
[2025-10-23T06:59:10.647+0000] {logging_mixin.py:190} INFO - [2025-10-23T06:59:10.646+0000] {dagbag.py:588} INFO - Filling up the DagBag from /opt/airflow/dags/etl_retail.py
[2025-10-23T06:59:11.175+0000] {logging_mixin.py:190} INFO - [2025-10-23T06:59:11.169+0000] {dagbag.py:387} ERROR - Failed to import: /opt/airflow/dags/etl_retail.py
Traceback (most recent call last):
  File "/home/airflow/.local/lib/python3.12/site-packages/airflow/models/dagbag.py", line 383, in parse
    loader.exec_module(new_module)
  File "<frozen importlib._bootstrap_external>", line 999, in exec_module
  File "<frozen importlib._bootstrap>", line 488, in _call_with_frames_removed
  File "/opt/airflow/dags/etl_retail.py", line 47, in <module>
    tables = transform(df_raw)
             ^^^^^^^^^^^^^^^^^
  File "/home/airflow/.local/lib/python3.12/site-packages/airflow/decorators/base.py", line 373, in __call__
    op = self.operator_class(
         ^^^^^^^^^^^^^^^^^^^^
  File "/home/airflow/.local/lib/python3.12/site-packages/airflow/models/baseoperator.py", line 516, in apply_defaults
    self.set_xcomargs_dependencies()
  File "/home/airflow/.local/lib/python3.12/site-packages/airflow/models/baseoperator.py", line 1349, in set_xcomargs_dependencies
    XComArg.apply_upstream_relationship(self, arg)
  File "/home/airflow/.local/lib/python3.12/site-packages/airflow/models/xcom_arg.py", line 134, in apply_upstream_relationship
    op.set_upstream(operator)
  File "/home/airflow/.local/lib/python3.12/site-packages/airflow/models/taskmixin.py", line 271, in set_upstream
    self._set_relatives(task_or_task_list, upstream=True, edge_modifier=edge_modifier)
  File "/home/airflow/.local/lib/python3.12/site-packages/airflow/models/taskmixin.py", line 233, in _set_relatives
    raise AirflowException(
airflow.exceptions.AirflowException: Tried to create relationships between tasks that don't have DAGs yet. Set the DAG for at least one task and try again: [<Task(_PythonDecoratedOperator): transform>, <Task(_PythonDecoratedOperator): extract>]
[2025-10-23T06:59:11.176+0000] {processor.py:927} WARNING - No viable dags retrieved from /opt/airflow/dags/etl_retail.py
[2025-10-23T06:59:11.204+0000] {processor.py:208} INFO - Processing /opt/airflow/dags/etl_retail.py took 0.565 seconds
[2025-10-23T06:59:23.099+0000] {processor.py:186} INFO - Started process (PID=692) to work on /opt/airflow/dags/etl_retail.py
[2025-10-23T06:59:23.100+0000] {processor.py:914} INFO - Processing file /opt/airflow/dags/etl_retail.py for tasks to queue
[2025-10-23T06:59:23.102+0000] {logging_mixin.py:190} INFO - [2025-10-23T06:59:23.101+0000] {dagbag.py:588} INFO - Filling up the DagBag from /opt/airflow/dags/etl_retail.py
[2025-10-23T06:59:23.564+0000] {logging_mixin.py:190} INFO - [2025-10-23T06:59:23.560+0000] {dagbag.py:387} ERROR - Failed to import: /opt/airflow/dags/etl_retail.py
Traceback (most recent call last):
  File "/home/airflow/.local/lib/python3.12/site-packages/airflow/models/dagbag.py", line 383, in parse
    loader.exec_module(new_module)
  File "<frozen importlib._bootstrap_external>", line 999, in exec_module
  File "<frozen importlib._bootstrap>", line 488, in _call_with_frames_removed
  File "/opt/airflow/dags/etl_retail.py", line 47, in <module>
    tables = transform(df_raw)
             ^^^^^^^^^^^^^^^^^
  File "/home/airflow/.local/lib/python3.12/site-packages/airflow/decorators/base.py", line 373, in __call__
    op = self.operator_class(
         ^^^^^^^^^^^^^^^^^^^^
  File "/home/airflow/.local/lib/python3.12/site-packages/airflow/models/baseoperator.py", line 516, in apply_defaults
    self.set_xcomargs_dependencies()
  File "/home/airflow/.local/lib/python3.12/site-packages/airflow/models/baseoperator.py", line 1349, in set_xcomargs_dependencies
    XComArg.apply_upstream_relationship(self, arg)
  File "/home/airflow/.local/lib/python3.12/site-packages/airflow/models/xcom_arg.py", line 134, in apply_upstream_relationship
    op.set_upstream(operator)
  File "/home/airflow/.local/lib/python3.12/site-packages/airflow/models/taskmixin.py", line 271, in set_upstream
    self._set_relatives(task_or_task_list, upstream=True, edge_modifier=edge_modifier)
  File "/home/airflow/.local/lib/python3.12/site-packages/airflow/models/taskmixin.py", line 233, in _set_relatives
    raise AirflowException(
airflow.exceptions.AirflowException: Tried to create relationships between tasks that don't have DAGs yet. Set the DAG for at least one task and try again: [<Task(_PythonDecoratedOperator): transform>, <Task(_PythonDecoratedOperator): extract>]
[2025-10-23T06:59:23.565+0000] {processor.py:927} WARNING - No viable dags retrieved from /opt/airflow/dags/etl_retail.py
[2025-10-23T06:59:23.576+0000] {processor.py:208} INFO - Processing /opt/airflow/dags/etl_retail.py took 0.483 seconds
[2025-10-23T06:59:31.208+0000] {processor.py:186} INFO - Started process (PID=698) to work on /opt/airflow/dags/etl_retail.py
[2025-10-23T06:59:31.209+0000] {processor.py:914} INFO - Processing file /opt/airflow/dags/etl_retail.py for tasks to queue
[2025-10-23T06:59:31.211+0000] {logging_mixin.py:190} INFO - [2025-10-23T06:59:31.211+0000] {dagbag.py:588} INFO - Filling up the DagBag from /opt/airflow/dags/etl_retail.py
[2025-10-23T06:59:31.757+0000] {processor.py:925} INFO - DAG(s) 'online_retail_daily_etl' retrieved from /opt/airflow/dags/etl_retail.py
[2025-10-23T06:59:31.879+0000] {logging_mixin.py:190} INFO - [2025-10-23T06:59:31.878+0000] {dag.py:3239} INFO - Sync 1 DAGs
[2025-10-23T06:59:31.897+0000] {logging_mixin.py:190} INFO - [2025-10-23T06:59:31.897+0000] {dag.py:4180} INFO - Setting next_dagrun for online_retail_daily_etl to 2025-10-23 00:00:00+00:00, run_after=2025-10-24 00:00:00+00:00
[2025-10-23T06:59:31.917+0000] {processor.py:208} INFO - Processing /opt/airflow/dags/etl_retail.py took 0.717 seconds
[2025-10-23T06:59:42.013+0000] {processor.py:186} INFO - Started process (PID=704) to work on /opt/airflow/dags/etl_retail.py
[2025-10-23T06:59:42.014+0000] {processor.py:914} INFO - Processing file /opt/airflow/dags/etl_retail.py for tasks to queue
[2025-10-23T06:59:42.017+0000] {logging_mixin.py:190} INFO - [2025-10-23T06:59:42.016+0000] {dagbag.py:588} INFO - Filling up the DagBag from /opt/airflow/dags/etl_retail.py
[2025-10-23T06:59:42.528+0000] {processor.py:925} INFO - DAG(s) 'online_retail_daily_etl' retrieved from /opt/airflow/dags/etl_retail.py
[2025-10-23T06:59:42.536+0000] {logging_mixin.py:190} INFO - [2025-10-23T06:59:42.536+0000] {dag.py:3239} INFO - Sync 1 DAGs
[2025-10-23T06:59:42.557+0000] {logging_mixin.py:190} INFO - [2025-10-23T06:59:42.556+0000] {dag.py:4180} INFO - Setting next_dagrun for online_retail_daily_etl to 2025-10-23 00:00:00+00:00, run_after=2025-10-24 00:00:00+00:00
[2025-10-23T06:59:42.573+0000] {processor.py:208} INFO - Processing /opt/airflow/dags/etl_retail.py took 0.568 seconds
[2025-10-23T06:59:53.117+0000] {processor.py:186} INFO - Started process (PID=710) to work on /opt/airflow/dags/etl_retail.py
[2025-10-23T06:59:53.118+0000] {processor.py:914} INFO - Processing file /opt/airflow/dags/etl_retail.py for tasks to queue
[2025-10-23T06:59:53.119+0000] {logging_mixin.py:190} INFO - [2025-10-23T06:59:53.119+0000] {dagbag.py:588} INFO - Filling up the DagBag from /opt/airflow/dags/etl_retail.py
[2025-10-23T06:59:55.360+0000] {processor.py:925} INFO - DAG(s) 'online_retail_daily_etl' retrieved from /opt/airflow/dags/etl_retail.py
[2025-10-23T06:59:55.371+0000] {logging_mixin.py:190} INFO - [2025-10-23T06:59:55.370+0000] {dag.py:3239} INFO - Sync 1 DAGs
[2025-10-23T06:59:55.388+0000] {logging_mixin.py:190} INFO - [2025-10-23T06:59:55.388+0000] {dag.py:4180} INFO - Setting next_dagrun for online_retail_daily_etl to 2025-10-23 00:00:00+00:00, run_after=2025-10-24 00:00:00+00:00
[2025-10-23T06:59:55.403+0000] {processor.py:208} INFO - Processing /opt/airflow/dags/etl_retail.py took 0.510 seconds
[2025-10-23T07:00:05.506+0000] {processor.py:186} INFO - Started process (PID=716) to work on /opt/airflow/dags/etl_retail.py
[2025-10-23T07:00:05.507+0000] {processor.py:914} INFO - Processing file /opt/airflow/dags/etl_retail.py for tasks to queue
[2025-10-23T07:00:05.509+0000] {logging_mixin.py:190} INFO - [2025-10-23T07:00:05.508+0000] {dagbag.py:588} INFO - Filling up the DagBag from /opt/airflow/dags/etl_retail.py
[2025-10-23T07:00:05.947+0000] {processor.py:925} INFO - DAG(s) 'online_retail_daily_etl' retrieved from /opt/airflow/dags/etl_retail.py
[2025-10-23T07:00:05.963+0000] {logging_mixin.py:190} INFO - [2025-10-23T07:00:05.963+0000] {dag.py:3239} INFO - Sync 1 DAGs
[2025-10-23T07:00:05.979+0000] {logging_mixin.py:190} INFO - [2025-10-23T07:00:05.979+0000] {dag.py:4180} INFO - Setting next_dagrun for online_retail_daily_etl to 2025-10-23 00:00:00+00:00, run_after=2025-10-24 00:00:00+00:00
[2025-10-23T07:00:06.000+0000] {processor.py:208} INFO - Processing /opt/airflow/dags/etl_retail.py took 0.502 seconds
[2025-10-23T07:00:16.088+0000] {processor.py:186} INFO - Started process (PID=722) to work on /opt/airflow/dags/etl_retail.py
[2025-10-23T07:00:16.089+0000] {processor.py:914} INFO - Processing file /opt/airflow/dags/etl_retail.py for tasks to queue
[2025-10-23T07:00:16.090+0000] {logging_mixin.py:190} INFO - [2025-10-23T07:00:16.090+0000] {dagbag.py:588} INFO - Filling up the DagBag from /opt/airflow/dags/etl_retail.py
[2025-10-23T07:00:16.536+0000] {processor.py:925} INFO - DAG(s) 'online_retail_daily_etl' retrieved from /opt/airflow/dags/etl_retail.py
[2025-10-23T07:00:16.555+0000] {logging_mixin.py:190} INFO - [2025-10-23T07:00:16.555+0000] {dag.py:3239} INFO - Sync 1 DAGs
[2025-10-23T07:00:16.571+0000] {logging_mixin.py:190} INFO - [2025-10-23T07:00:16.571+0000] {dag.py:4180} INFO - Setting next_dagrun for online_retail_daily_etl to 2025-10-23 00:00:00+00:00, run_after=2025-10-24 00:00:00+00:00
[2025-10-23T07:00:16.586+0000] {processor.py:208} INFO - Processing /opt/airflow/dags/etl_retail.py took 0.504 seconds
[2025-10-23T07:00:28.040+0000] {processor.py:186} INFO - Started process (PID=728) to work on /opt/airflow/dags/etl_retail.py
[2025-10-23T07:00:28.041+0000] {processor.py:914} INFO - Processing file /opt/airflow/dags/etl_retail.py for tasks to queue
[2025-10-23T07:00:28.043+0000] {logging_mixin.py:190} INFO - [2025-10-23T07:00:28.042+0000] {dagbag.py:588} INFO - Filling up the DagBag from /opt/airflow/dags/etl_retail.py
[2025-10-23T07:00:28.475+0000] {processor.py:925} INFO - DAG(s) 'online_retail_daily_etl' retrieved from /opt/airflow/dags/etl_retail.py
[2025-10-23T07:00:28.493+0000] {logging_mixin.py:190} INFO - [2025-10-23T07:00:28.492+0000] {dag.py:3239} INFO - Sync 1 DAGs
[2025-10-23T07:00:28.510+0000] {logging_mixin.py:190} INFO - [2025-10-23T07:00:28.510+0000] {dag.py:4180} INFO - Setting next_dagrun for online_retail_daily_etl to 2025-10-23 00:00:00+00:00, run_after=2025-10-24 00:00:00+00:00
[2025-10-23T07:00:28.525+0000] {processor.py:208} INFO - Processing /opt/airflow/dags/etl_retail.py took 0.490 seconds
[2025-10-23T07:00:38.622+0000] {processor.py:186} INFO - Started process (PID=734) to work on /opt/airflow/dags/etl_retail.py
[2025-10-23T07:00:38.623+0000] {processor.py:914} INFO - Processing file /opt/airflow/dags/etl_retail.py for tasks to queue
[2025-10-23T07:00:38.625+0000] {logging_mixin.py:190} INFO - [2025-10-23T07:00:38.624+0000] {dagbag.py:588} INFO - Filling up the DagBag from /opt/airflow/dags/etl_retail.py
[2025-10-23T07:00:39.076+0000] {processor.py:925} INFO - DAG(s) 'online_retail_daily_etl' retrieved from /opt/airflow/dags/etl_retail.py
[2025-10-23T07:00:39.094+0000] {logging_mixin.py:190} INFO - [2025-10-23T07:00:39.094+0000] {dag.py:3239} INFO - Sync 1 DAGs
[2025-10-23T07:00:39.111+0000] {logging_mixin.py:190} INFO - [2025-10-23T07:00:39.110+0000] {dag.py:4180} INFO - Setting next_dagrun for online_retail_daily_etl to 2025-10-23 00:00:00+00:00, run_after=2025-10-24 00:00:00+00:00
[2025-10-23T07:00:39.132+0000] {processor.py:208} INFO - Processing /opt/airflow/dags/etl_retail.py took 0.517 seconds
[2025-10-23T07:00:49.225+0000] {processor.py:186} INFO - Started process (PID=740) to work on /opt/airflow/dags/etl_retail.py
[2025-10-23T07:00:49.226+0000] {processor.py:914} INFO - Processing file /opt/airflow/dags/etl_retail.py for tasks to queue
[2025-10-23T07:00:49.228+0000] {logging_mixin.py:190} INFO - [2025-10-23T07:00:49.227+0000] {dagbag.py:588} INFO - Filling up the DagBag from /opt/airflow/dags/etl_retail.py
[2025-10-23T07:00:49.686+0000] {processor.py:925} INFO - DAG(s) 'online_retail_daily_etl' retrieved from /opt/airflow/dags/etl_retail.py
[2025-10-23T07:00:49.706+0000] {logging_mixin.py:190} INFO - [2025-10-23T07:00:49.705+0000] {dag.py:3239} INFO - Sync 1 DAGs
[2025-10-23T07:00:49.729+0000] {logging_mixin.py:190} INFO - [2025-10-23T07:00:49.729+0000] {dag.py:4180} INFO - Setting next_dagrun for online_retail_daily_etl to 2025-10-23 00:00:00+00:00, run_after=2025-10-24 00:00:00+00:00
[2025-10-23T07:00:49.746+0000] {processor.py:208} INFO - Processing /opt/airflow/dags/etl_retail.py took 0.528 seconds
[2025-10-23T07:01:01.159+0000] {processor.py:186} INFO - Started process (PID=789) to work on /opt/airflow/dags/etl_retail.py
[2025-10-23T07:01:01.161+0000] {processor.py:914} INFO - Processing file /opt/airflow/dags/etl_retail.py for tasks to queue
[2025-10-23T07:01:01.162+0000] {logging_mixin.py:190} INFO - [2025-10-23T07:01:01.162+0000] {dagbag.py:588} INFO - Filling up the DagBag from /opt/airflow/dags/etl_retail.py
[2025-10-23T07:01:01.635+0000] {processor.py:925} INFO - DAG(s) 'online_retail_daily_etl' retrieved from /opt/airflow/dags/etl_retail.py
[2025-10-23T07:01:01.656+0000] {logging_mixin.py:190} INFO - [2025-10-23T07:01:01.656+0000] {dag.py:3239} INFO - Sync 1 DAGs
[2025-10-23T07:01:01.676+0000] {logging_mixin.py:190} INFO - [2025-10-23T07:01:01.676+0000] {dag.py:4180} INFO - Setting next_dagrun for online_retail_daily_etl to 2025-10-23 00:00:00+00:00, run_after=2025-10-24 00:00:00+00:00
[2025-10-23T07:01:01.691+0000] {processor.py:208} INFO - Processing /opt/airflow/dags/etl_retail.py took 0.538 seconds
[2025-10-23T07:01:11.780+0000] {processor.py:186} INFO - Started process (PID=795) to work on /opt/airflow/dags/etl_retail.py
[2025-10-23T07:01:11.781+0000] {processor.py:914} INFO - Processing file /opt/airflow/dags/etl_retail.py for tasks to queue
[2025-10-23T07:01:11.782+0000] {logging_mixin.py:190} INFO - [2025-10-23T07:01:11.782+0000] {dagbag.py:588} INFO - Filling up the DagBag from /opt/airflow/dags/etl_retail.py
[2025-10-23T07:01:12.254+0000] {processor.py:925} INFO - DAG(s) 'online_retail_daily_etl' retrieved from /opt/airflow/dags/etl_retail.py
[2025-10-23T07:01:12.288+0000] {logging_mixin.py:190} INFO - [2025-10-23T07:01:12.287+0000] {dag.py:3239} INFO - Sync 1 DAGs
[2025-10-23T07:01:12.315+0000] {logging_mixin.py:190} INFO - [2025-10-23T07:01:12.315+0000] {dag.py:4180} INFO - Setting next_dagrun for online_retail_daily_etl to 2025-10-23 00:00:00+00:00, run_after=2025-10-24 00:00:00+00:00
[2025-10-23T07:01:12.332+0000] {processor.py:208} INFO - Processing /opt/airflow/dags/etl_retail.py took 0.558 seconds
[2025-10-23T07:01:22.444+0000] {processor.py:186} INFO - Started process (PID=801) to work on /opt/airflow/dags/etl_retail.py
[2025-10-23T07:01:22.446+0000] {processor.py:914} INFO - Processing file /opt/airflow/dags/etl_retail.py for tasks to queue
[2025-10-23T07:01:22.447+0000] {logging_mixin.py:190} INFO - [2025-10-23T07:01:22.447+0000] {dagbag.py:588} INFO - Filling up the DagBag from /opt/airflow/dags/etl_retail.py
[2025-10-23T07:01:22.879+0000] {processor.py:925} INFO - DAG(s) 'online_retail_daily_etl' retrieved from /opt/airflow/dags/etl_retail.py
[2025-10-23T07:01:22.904+0000] {logging_mixin.py:190} INFO - [2025-10-23T07:01:22.904+0000] {dag.py:3239} INFO - Sync 1 DAGs
[2025-10-23T07:01:22.928+0000] {logging_mixin.py:190} INFO - [2025-10-23T07:01:22.927+0000] {dag.py:4180} INFO - Setting next_dagrun for online_retail_daily_etl to 2025-10-23 00:00:00+00:00, run_after=2025-10-24 00:00:00+00:00
[2025-10-23T07:01:22.953+0000] {processor.py:208} INFO - Processing /opt/airflow/dags/etl_retail.py took 0.515 seconds
[2025-10-23T07:01:33.788+0000] {processor.py:186} INFO - Started process (PID=807) to work on /opt/airflow/dags/etl_retail.py
[2025-10-23T07:01:33.790+0000] {processor.py:914} INFO - Processing file /opt/airflow/dags/etl_retail.py for tasks to queue
[2025-10-23T07:01:33.792+0000] {logging_mixin.py:190} INFO - [2025-10-23T07:01:33.791+0000] {dagbag.py:588} INFO - Filling up the DagBag from /opt/airflow/dags/etl_retail.py
[2025-10-23T07:01:34.355+0000] {processor.py:925} INFO - DAG(s) 'online_retail_daily_etl' retrieved from /opt/airflow/dags/etl_retail.py
[2025-10-23T07:01:34.376+0000] {logging_mixin.py:190} INFO - [2025-10-23T07:01:34.375+0000] {dag.py:3239} INFO - Sync 1 DAGs
[2025-10-23T07:01:34.396+0000] {logging_mixin.py:190} INFO - [2025-10-23T07:01:34.396+0000] {dag.py:4180} INFO - Setting next_dagrun for online_retail_daily_etl to 2025-10-23 00:00:00+00:00, run_after=2025-10-24 00:00:00+00:00
[2025-10-23T07:01:34.413+0000] {processor.py:208} INFO - Processing /opt/airflow/dags/etl_retail.py took 0.635 seconds
[2025-10-23T07:01:44.546+0000] {processor.py:186} INFO - Started process (PID=813) to work on /opt/airflow/dags/etl_retail.py
[2025-10-23T07:01:44.547+0000] {processor.py:914} INFO - Processing file /opt/airflow/dags/etl_retail.py for tasks to queue
[2025-10-23T07:01:44.550+0000] {logging_mixin.py:190} INFO - [2025-10-23T07:01:44.549+0000] {dagbag.py:588} INFO - Filling up the DagBag from /opt/airflow/dags/etl_retail.py
[2025-10-23T07:01:45.022+0000] {processor.py:925} INFO - DAG(s) 'online_retail_daily_etl' retrieved from /opt/airflow/dags/etl_retail.py
[2025-10-23T07:01:45.041+0000] {logging_mixin.py:190} INFO - [2025-10-23T07:01:45.040+0000] {dag.py:3239} INFO - Sync 1 DAGs
[2025-10-23T07:01:45.059+0000] {logging_mixin.py:190} INFO - [2025-10-23T07:01:45.059+0000] {dag.py:4180} INFO - Setting next_dagrun for online_retail_daily_etl to 2025-10-23 00:00:00+00:00, run_after=2025-10-24 00:00:00+00:00
[2025-10-23T07:01:45.081+0000] {processor.py:208} INFO - Processing /opt/airflow/dags/etl_retail.py took 0.544 seconds
[2025-10-23T07:01:55.171+0000] {processor.py:186} INFO - Started process (PID=819) to work on /opt/airflow/dags/etl_retail.py
[2025-10-23T07:01:55.172+0000] {processor.py:914} INFO - Processing file /opt/airflow/dags/etl_retail.py for tasks to queue
[2025-10-23T07:01:55.174+0000] {logging_mixin.py:190} INFO - [2025-10-23T07:01:55.173+0000] {dagbag.py:588} INFO - Filling up the DagBag from /opt/airflow/dags/etl_retail.py
[2025-10-23T07:01:55.589+0000] {processor.py:925} INFO - DAG(s) 'online_retail_daily_etl' retrieved from /opt/airflow/dags/etl_retail.py
[2025-10-23T07:01:55.609+0000] {logging_mixin.py:190} INFO - [2025-10-23T07:01:55.609+0000] {dag.py:3239} INFO - Sync 1 DAGs
[2025-10-23T07:01:55.627+0000] {logging_mixin.py:190} INFO - [2025-10-23T07:01:55.627+0000] {dag.py:4180} INFO - Setting next_dagrun for online_retail_daily_etl to 2025-10-23 00:00:00+00:00, run_after=2025-10-24 00:00:00+00:00
[2025-10-23T07:01:55.643+0000] {processor.py:208} INFO - Processing /opt/airflow/dags/etl_retail.py took 0.477 seconds
[2025-10-23T07:02:06.561+0000] {processor.py:186} INFO - Started process (PID=825) to work on /opt/airflow/dags/etl_retail.py
[2025-10-23T07:02:06.562+0000] {processor.py:914} INFO - Processing file /opt/airflow/dags/etl_retail.py for tasks to queue
[2025-10-23T07:02:06.564+0000] {logging_mixin.py:190} INFO - [2025-10-23T07:02:06.563+0000] {dagbag.py:588} INFO - Filling up the DagBag from /opt/airflow/dags/etl_retail.py
[2025-10-23T07:02:07.014+0000] {processor.py:925} INFO - DAG(s) 'online_retail_daily_etl' retrieved from /opt/airflow/dags/etl_retail.py
[2025-10-23T07:02:07.033+0000] {logging_mixin.py:190} INFO - [2025-10-23T07:02:07.033+0000] {dag.py:3239} INFO - Sync 1 DAGs
[2025-10-23T07:02:07.050+0000] {logging_mixin.py:190} INFO - [2025-10-23T07:02:07.050+0000] {dag.py:4180} INFO - Setting next_dagrun for online_retail_daily_etl to 2025-10-23 00:00:00+00:00, run_after=2025-10-24 00:00:00+00:00
[2025-10-23T07:02:07.073+0000] {processor.py:208} INFO - Processing /opt/airflow/dags/etl_retail.py took 0.519 seconds
[2025-10-23T07:02:17.170+0000] {processor.py:186} INFO - Started process (PID=831) to work on /opt/airflow/dags/etl_retail.py
[2025-10-23T07:02:17.171+0000] {processor.py:914} INFO - Processing file /opt/airflow/dags/etl_retail.py for tasks to queue
[2025-10-23T07:02:17.173+0000] {logging_mixin.py:190} INFO - [2025-10-23T07:02:17.172+0000] {dagbag.py:588} INFO - Filling up the DagBag from /opt/airflow/dags/etl_retail.py
[2025-10-23T07:02:18.520+0000] {processor.py:925} INFO - DAG(s) 'online_retail_daily_etl' retrieved from /opt/airflow/dags/etl_retail.py
[2025-10-23T07:02:18.588+0000] {logging_mixin.py:190} INFO - [2025-10-23T07:02:18.586+0000] {dag.py:3239} INFO - Sync 1 DAGs
[2025-10-23T07:02:18.636+0000] {logging_mixin.py:190} INFO - [2025-10-23T07:02:18.635+0000] {dag.py:4180} INFO - Setting next_dagrun for online_retail_daily_etl to 2025-10-23 00:00:00+00:00, run_after=2025-10-24 00:00:00+00:00
[2025-10-23T07:02:18.678+0000] {processor.py:208} INFO - Processing /opt/airflow/dags/etl_retail.py took 1.515 seconds
[2025-10-23T07:02:28.805+0000] {processor.py:186} INFO - Started process (PID=837) to work on /opt/airflow/dags/etl_retail.py
[2025-10-23T07:02:28.806+0000] {processor.py:914} INFO - Processing file /opt/airflow/dags/etl_retail.py for tasks to queue
[2025-10-23T07:02:28.807+0000] {logging_mixin.py:190} INFO - [2025-10-23T07:02:28.807+0000] {dagbag.py:588} INFO - Filling up the DagBag from /opt/airflow/dags/etl_retail.py
[2025-10-23T07:02:29.242+0000] {processor.py:925} INFO - DAG(s) 'online_retail_daily_etl' retrieved from /opt/airflow/dags/etl_retail.py
[2025-10-23T07:02:29.263+0000] {logging_mixin.py:190} INFO - [2025-10-23T07:02:29.263+0000] {dag.py:3239} INFO - Sync 1 DAGs
[2025-10-23T07:02:29.281+0000] {logging_mixin.py:190} INFO - [2025-10-23T07:02:29.281+0000] {dag.py:4180} INFO - Setting next_dagrun for online_retail_daily_etl to 2025-10-23 00:00:00+00:00, run_after=2025-10-24 00:00:00+00:00
[2025-10-23T07:02:29.294+0000] {processor.py:208} INFO - Processing /opt/airflow/dags/etl_retail.py took 0.495 seconds
[2025-10-23T07:02:40.167+0000] {processor.py:186} INFO - Started process (PID=843) to work on /opt/airflow/dags/etl_retail.py
[2025-10-23T07:02:40.168+0000] {processor.py:914} INFO - Processing file /opt/airflow/dags/etl_retail.py for tasks to queue
[2025-10-23T07:02:40.169+0000] {logging_mixin.py:190} INFO - [2025-10-23T07:02:40.169+0000] {dagbag.py:588} INFO - Filling up the DagBag from /opt/airflow/dags/etl_retail.py
[2025-10-23T07:02:40.581+0000] {processor.py:925} INFO - DAG(s) 'online_retail_daily_etl' retrieved from /opt/airflow/dags/etl_retail.py
[2025-10-23T07:02:40.601+0000] {logging_mixin.py:190} INFO - [2025-10-23T07:02:40.601+0000] {dag.py:3239} INFO - Sync 1 DAGs
[2025-10-23T07:02:40.617+0000] {logging_mixin.py:190} INFO - [2025-10-23T07:02:40.617+0000] {dag.py:4180} INFO - Setting next_dagrun for online_retail_daily_etl to 2025-10-23 00:00:00+00:00, run_after=2025-10-24 00:00:00+00:00
[2025-10-23T07:02:40.640+0000] {processor.py:208} INFO - Processing /opt/airflow/dags/etl_retail.py took 0.478 seconds
[2025-10-23T07:02:50.733+0000] {processor.py:186} INFO - Started process (PID=849) to work on /opt/airflow/dags/etl_retail.py
[2025-10-23T07:02:50.734+0000] {processor.py:914} INFO - Processing file /opt/airflow/dags/etl_retail.py for tasks to queue
[2025-10-23T07:02:50.735+0000] {logging_mixin.py:190} INFO - [2025-10-23T07:02:50.735+0000] {dagbag.py:588} INFO - Filling up the DagBag from /opt/airflow/dags/etl_retail.py
[2025-10-23T07:02:51.162+0000] {processor.py:925} INFO - DAG(s) 'online_retail_daily_etl' retrieved from /opt/airflow/dags/etl_retail.py
[2025-10-23T07:02:51.180+0000] {logging_mixin.py:190} INFO - [2025-10-23T07:02:51.180+0000] {dag.py:3239} INFO - Sync 1 DAGs
[2025-10-23T07:02:51.198+0000] {logging_mixin.py:190} INFO - [2025-10-23T07:02:51.198+0000] {dag.py:4180} INFO - Setting next_dagrun for online_retail_daily_etl to 2025-10-23 00:00:00+00:00, run_after=2025-10-24 00:00:00+00:00
[2025-10-23T07:02:51.213+0000] {processor.py:208} INFO - Processing /opt/airflow/dags/etl_retail.py took 0.486 seconds
[2025-10-23T07:03:01.314+0000] {processor.py:186} INFO - Started process (PID=855) to work on /opt/airflow/dags/etl_retail.py
[2025-10-23T07:03:01.315+0000] {processor.py:914} INFO - Processing file /opt/airflow/dags/etl_retail.py for tasks to queue
[2025-10-23T07:03:01.316+0000] {logging_mixin.py:190} INFO - [2025-10-23T07:03:01.316+0000] {dagbag.py:588} INFO - Filling up the DagBag from /opt/airflow/dags/etl_retail.py
[2025-10-23T07:03:01.730+0000] {processor.py:925} INFO - DAG(s) 'online_retail_daily_etl' retrieved from /opt/airflow/dags/etl_retail.py
[2025-10-23T07:03:01.748+0000] {logging_mixin.py:190} INFO - [2025-10-23T07:03:01.747+0000] {dag.py:3239} INFO - Sync 1 DAGs
[2025-10-23T07:03:01.764+0000] {logging_mixin.py:190} INFO - [2025-10-23T07:03:01.763+0000] {dag.py:4180} INFO - Setting next_dagrun for online_retail_daily_etl to 2025-10-23 00:00:00+00:00, run_after=2025-10-24 00:00:00+00:00
[2025-10-23T07:03:01.778+0000] {processor.py:208} INFO - Processing /opt/airflow/dags/etl_retail.py took 0.471 seconds
[2025-10-23T07:03:12.723+0000] {processor.py:186} INFO - Started process (PID=861) to work on /opt/airflow/dags/etl_retail.py
[2025-10-23T07:03:12.724+0000] {processor.py:914} INFO - Processing file /opt/airflow/dags/etl_retail.py for tasks to queue
[2025-10-23T07:03:12.726+0000] {logging_mixin.py:190} INFO - [2025-10-23T07:03:12.725+0000] {dagbag.py:588} INFO - Filling up the DagBag from /opt/airflow/dags/etl_retail.py
[2025-10-23T07:03:13.141+0000] {processor.py:925} INFO - DAG(s) 'online_retail_daily_etl' retrieved from /opt/airflow/dags/etl_retail.py
[2025-10-23T07:03:13.158+0000] {logging_mixin.py:190} INFO - [2025-10-23T07:03:13.158+0000] {dag.py:3239} INFO - Sync 1 DAGs
[2025-10-23T07:03:13.175+0000] {logging_mixin.py:190} INFO - [2025-10-23T07:03:13.175+0000] {dag.py:4180} INFO - Setting next_dagrun for online_retail_daily_etl to 2025-10-23 00:00:00+00:00, run_after=2025-10-24 00:00:00+00:00
[2025-10-23T07:03:13.189+0000] {processor.py:208} INFO - Processing /opt/airflow/dags/etl_retail.py took 0.471 seconds
